METHOD	PATH	CALLER	SOURCE_FILE
DELETE	/api/organizations/{id}/collections/{id}	cli	apps/cli/src/vault/delete.command.ts
GET	/api/ciphers/{id}/attachment/{id}	cli	apps/cli/src/commands/get.command.ts
GET	/api/emergency-access/{id}/{id}/attachment/{id}	cli	apps/cli/src/commands/get.command.ts
GET	/api/organizations/{id}/collections/{id}/details	cli	apps/cli/src/commands/get.command.ts
GET	/api/organizations/{id}/collections	cli	apps/cli/src/commands/list.command.ts
GET	/api/collections	cli	apps/cli/src/commands/list.command.ts
GET	/api/users/{id}/public-key	cli	apps/cli/src/admin-console/commands/confirm.command.ts
POST	/api/organizations/{id}/collections	cli	apps/cli/src/vault/create.command.ts
PUT	/api/organizations/{id}/collections/{id}	cli	apps/cli/src/commands/edit.command.ts
POST	/api/folders	cli	apps/cli/src/vault/create.command.ts
PUT	/api/folders/{id}	cli	apps/cli/src/commands/edit.command.ts
DELETE	/api/folders/{id}	cli	apps/cli/src/vault/delete.command.ts
POST	/api/organizations/{id}/leave	cli	apps/cli/src/key-management/convert-to-key-connector.command.ts
GET	/api/organizations/{id}/users	cli	apps/cli/src/commands/list.command.ts
GET	/api/organizations/{id}/users/{id}	cli	apps/cli/src/admin-console/commands/confirm.command.ts
POST	/api/organizations/{id}/users/{id}/confirm	cli	apps/cli/src/admin-console/commands/confirm.command.ts
POST	/api/sends/access/{id}	cli	apps/cli/src/tools/send/commands/receive.command.ts
POST	/api/sends/access/file/{id}	cli	apps/cli/src/tools/send/commands/receive.command.ts
POST	/identity/connect/token	cli	apps/cli/src/tools/send/commands/receive.command.ts
POST	/api/sends	cli	apps/cli/src/tools/send/commands/create.command.ts
POST	/api/sends/file/v2	cli	apps/cli/src/tools/send/commands/create.command.ts
PUT	/api/sends/{id}	cli	apps/cli/src/tools/send/commands/edit.command.ts
DELETE	/api/sends/{id}	cli	apps/cli/src/tools/send/commands/delete.command.ts
PUT	/api/sends/{id}/remove-password	cli	apps/cli/src/tools/send/commands/remove-password.command.ts
POST	/api/two-factor/send-email-login	cli	apps/cli/src/auth/commands/login.command.ts
DELETE	/api/sends/{id}	browser	apps/browser/src/tools/popup/send-v2/add-edit/send-add-edit.component.ts
GET	/icons/{id}/icon.png	browser	apps/browser/src/autofill/background/notification.background.ts
GET	/icons/{id}/icon.png	browser	apps/browser/src/autofill/background/overlay.background.ts
DELETE	/api/sends/{id}	desktop	apps/desktop/src/app/tools/send/send.component.ts
PUT	/api/sends/{id}/remove-password	desktop	apps/desktop/src/app/tools/send/send.component.ts
