METHOD	PATH	STATUS	OWNER	NOTE
POST	/api/cloudwarden/admin/users/{id}/{action}	implemented		One row per action: disable, enable, deauthorize, remove-2fa
POST	/api/account/billing/subscriptions/organizations/invoice/preview	self-host	G	No payment provider on a self-hosted server: reads answer an empty subscription state, writes answer 400 with an explanation
POST	/api/account/billing/subscriptions/premium/invoice/preview	self-host	G	No payment provider on a self-hosted server: reads answer an empty subscription state, writes answer 400 with an explanation
POST	/api/account/billing/subscriptions/premium/upgrade/invoice/preview	self-host	G	No payment provider on a self-hosted server: reads answer an empty subscription state, writes answer 400 with an explanation
GET	/api/account/billing/vnext/address	self-host	G	No payment provider on a self-hosted server: reads answer an empty subscription state, writes answer 400 with an explanation
PUT	/api/account/billing/vnext/address	self-host	G	No payment provider on a self-hosted server: reads answer an empty subscription state, writes answer 400 with an explanation
GET	/api/account/billing/vnext/credit	self-host	G	No payment provider on a self-hosted server: reads answer an empty subscription state, writes answer 400 with an explanation
POST	/api/account/billing/vnext/credit/bitpay	self-host	G	No payment provider on a self-hosted server: reads answer an empty subscription state, writes answer 400 with an explanation
GET	/api/account/billing/vnext/discounts	self-host	G	No payment provider on a self-hosted server: reads answer an empty subscription state, writes answer 400 with an explanation
GET	/api/account/billing/vnext/license	self-host	G	No payment provider on a self-hosted server: reads answer an empty subscription state, writes answer 400 with an explanation
GET	/api/account/billing/vnext/payment-method	self-host	G	No payment provider on a self-hosted server: reads answer an empty subscription state, writes answer 400 with an explanation
PUT	/api/account/billing/vnext/payment-method	self-host	G	No payment provider on a self-hosted server: reads answer an empty subscription state, writes answer 400 with an explanation
POST	/api/account/billing/vnext/payment-method/verify-bank-account	self-host	G	No payment provider on a self-hosted server: reads answer an empty subscription state, writes answer 400 with an explanation
POST	/api/account/billing/vnext/portal-session	self-host	G	No payment provider on a self-hosted server: reads answer an empty subscription state, writes answer 400 with an explanation
POST	/api/account/billing/vnext/premium/checkout	self-host	G	No payment provider on a self-hosted server: reads answer an empty subscription state, writes answer 400 with an explanation
GET	/api/account/billing/vnext/subscription	self-host	G	No payment provider on a self-hosted server: reads answer an empty subscription state, writes answer 400 with an explanation
POST	/api/account/billing/vnext/subscription	self-host	G	No payment provider on a self-hosted server: reads answer an empty subscription state, writes answer 400 with an explanation
POST	/api/account/billing/vnext/subscription/reinstate	self-host	G	No payment provider on a self-hosted server: reads answer an empty subscription state, writes answer 400 with an explanation
POST	/api/account/billing/vnext/subscription/restart	self-host	G	No payment provider on a self-hosted server: reads answer an empty subscription state, writes answer 400 with an explanation
PUT	/api/account/billing/vnext/subscription/storage	self-host	G	No payment provider on a self-hosted server: reads answer an empty subscription state, writes answer 400 with an explanation
POST	/api/account/billing/vnext/upgrade	self-host	G	No payment provider on a self-hosted server: reads answer an empty subscription state, writes answer 400 with an explanation
POST	/api/billing/preview-invoice/organizations/{orgId}/subscription/plan-change	self-host	G	No payment provider on a self-hosted server: reads answer an empty subscription state, writes answer 400 with an explanation
POST	/api/billing/preview-invoice/organizations/{orgId}/subscription/update	self-host	G	No payment provider on a self-hosted server: reads answer an empty subscription state, writes answer 400 with an explanation
POST	/api/billing/preview-invoice/organizations/subscriptions/purchase	self-host	G	No payment provider on a self-hosted server: reads answer an empty subscription state, writes answer 400 with an explanation
POST	/api/billing/preview-invoice/premium/subscriptions/purchase	self-host	G	No payment provider on a self-hosted server: reads answer an empty subscription state, writes answer 400 with an explanation
POST	/api/billing/preview-invoice/premium/subscriptions/upgrade	self-host	G	No payment provider on a self-hosted server: reads answer an empty subscription state, writes answer 400 with an explanation
POST	/api/bitpay-invoice	self-host	G	No payment provider on a self-hosted server: reads answer an empty subscription state, writes answer 400 with an explanation
DELETE	/api/organization/sponsorship/{orgId}	self-host	G	No families sponsorship on a self-hosted server: reads are empty, writes answer 400 with an explanation
DELETE	/api/organization/sponsorship/{orgId}/{sponsoredFriendlyName}/revoke	self-host	G	No families sponsorship on a self-hosted server: reads are empty, writes answer 400 with an explanation
POST	/api/organization/sponsorship/{orgId}/families-for-enterprise	self-host	G	No families sponsorship on a self-hosted server: reads are empty, writes answer 400 with an explanation
POST	/api/organization/sponsorship/{orgId}/families-for-enterprise/resend	self-host	G	No families sponsorship on a self-hosted server: reads are empty, writes answer 400 with an explanation
GET	/api/organization/sponsorship/{orgId}/sponsored	self-host	G	No families sponsorship on a self-hosted server: reads are empty, writes answer 400 with an explanation
GET	/api/organization/sponsorship/{orgId}/sync-status	self-host	G	No families sponsorship on a self-hosted server: reads are empty, writes answer 400 with an explanation
POST	/api/organization/sponsorship/redeem	self-host	G	No families sponsorship on a self-hosted server: reads are empty, writes answer 400 with an explanation
DELETE	/api/organization/sponsorship/self-hosted/{orgId}	self-host	G	No families sponsorship on a self-hosted server: reads are empty, writes answer 400 with an explanation
DELETE	/api/organization/sponsorship/self-hosted/{orgId}/{sponsoredFriendlyName}/revoke	self-host	G	No families sponsorship on a self-hosted server: reads are empty, writes answer 400 with an explanation
POST	/api/organization/sponsorship/self-hosted/{orgId}/families-for-enterprise	self-host	G	No families sponsorship on a self-hosted server: reads are empty, writes answer 400 with an explanation
GET	/api/organization/sponsorship/self-hosted/{orgId}/sponsored	self-host	G	No families sponsorship on a self-hosted server: reads are empty, writes answer 400 with an explanation
DELETE	/api/organization/sponsorship/sponsored/{orgId}	self-host	G	No families sponsorship on a self-hosted server: reads are empty, writes answer 400 with an explanation
POST	/api/organization/sponsorship/validate-token	self-host	G	No families sponsorship on a self-hosted server: reads are empty, writes answer 400 with an explanation
POST	/api/organizations/{orgId}/billing/change-frequency	self-host	G	No payment provider on a self-hosted server: reads answer an empty subscription state, writes answer 400 with an explanation
GET	/api/organizations/{id}/billing/invoices	self-host	G	No payment provider on a self-hosted server: reads answer an empty subscription state, writes answer 400 with an explanation
POST	/api/organizations/{orgId}/billing/restart-subscription	self-host	G	No payment provider on a self-hosted server: reads answer an empty subscription state, writes answer 400 with an explanation
POST	/api/organizations/{id}/billing/setup-business-unit	self-host	G	No payment provider on a self-hosted server: reads answer an empty subscription state, writes answer 400 with an explanation
POST	/api/organizations/{orgId}/billing/subscription/plan-change/invoice/preview	self-host	G	No payment provider on a self-hosted server: reads answer an empty subscription state, writes answer 400 with an explanation
GET	/api/organizations/{id}/billing/transactions	self-host	G	No payment provider on a self-hosted server: reads answer an empty subscription state, writes answer 400 with an explanation
GET	/api/organizations/{orgId}/billing/vnext/address	self-host	G	No payment provider on a self-hosted server: reads answer an empty subscription state, writes answer 400 with an explanation
PUT	/api/organizations/{orgId}/billing/vnext/address	self-host	G	No payment provider on a self-hosted server: reads answer an empty subscription state, writes answer 400 with an explanation
GET	/api/organizations/{orgId}/billing/vnext/annual-upgrade-offer	self-host	G	No payment provider on a self-hosted server: reads answer an empty subscription state, writes answer 400 with an explanation
POST	/api/organizations/{orgId}/billing/vnext/annual-upgrade-offer/redeem	self-host	G	No payment provider on a self-hosted server: reads answer an empty subscription state, writes answer 400 with an explanation
GET	/api/organizations/{orgId}/billing/vnext/churn-mitigation-offer	self-host	G	No payment provider on a self-hosted server: reads answer an empty subscription state, writes answer 400 with an explanation
POST	/api/organizations/{orgId}/billing/vnext/churn-mitigation-offer/redeem	self-host	G	No payment provider on a self-hosted server: reads answer an empty subscription state, writes answer 400 with an explanation
GET	/api/organizations/{orgId}/billing/vnext/credit	self-host	G	No payment provider on a self-hosted server: reads answer an empty subscription state, writes answer 400 with an explanation
POST	/api/organizations/{orgId}/billing/vnext/credit/bitpay	self-host	G	No payment provider on a self-hosted server: reads answer an empty subscription state, writes answer 400 with an explanation
GET	/api/organizations/{orgId}/billing/vnext/payment-method	self-host	G	No payment provider on a self-hosted server: reads answer an empty subscription state, writes answer 400 with an explanation
PUT	/api/organizations/{orgId}/billing/vnext/payment-method	self-host	G	No payment provider on a self-hosted server: reads answer an empty subscription state, writes answer 400 with an explanation
POST	/api/organizations/{orgId}/billing/vnext/payment-method/verify-bank-account	self-host	G	No payment provider on a self-hosted server: reads answer an empty subscription state, writes answer 400 with an explanation
POST	/api/organizations/{orgId}/billing/vnext/subscription/restart	self-host	G	No payment provider on a self-hosted server: reads answer an empty subscription state, writes answer 400 with an explanation
GET	/api/organizations/{orgId}/billing/vnext/warnings	self-host	G	No payment provider on a self-hosted server: reads answer an empty subscription state, writes answer 400 with an explanation
POST	/api/organizations/{orgId}/cancel	self-host	G	No payment provider on a self-hosted server: reads answer an empty subscription state, writes answer 400 with an explanation
POST	/api/organizations/{id}/reinstate	self-host	G	No payment provider on a self-hosted server: reads answer an empty subscription state, writes answer 400 with an explanation
POST	/api/organizations/{id}/seat	self-host	G	No payment provider on a self-hosted server: reads answer an empty subscription state, writes answer 400 with an explanation
POST	/api/organizations/{id}/sm-subscription	self-host	G	No payment provider on a self-hosted server: reads answer an empty subscription state, writes answer 400 with an explanation
POST	/api/organizations/{id}/storage	self-host	G	No payment provider on a self-hosted server: reads answer an empty subscription state, writes answer 400 with an explanation
POST	/api/organizations/{id}/subscription	self-host	G	No payment provider on a self-hosted server: reads answer an empty subscription state, writes answer 400 with an explanation
POST	/api/organizations/{id}/upgrade	self-host	G	No payment provider on a self-hosted server: reads answer an empty subscription state, writes answer 400 with an explanation
POST	/api/organizations/licenses/self-hosted/{id}	self-host	G	Cloud licence files are not used: answers 400 with an explanation
POST	/api/organizations/licenses/self-hosted/{id}/sync/	self-host	G	Cloud licence files are not used: answers 400 with an explanation
DELETE	/api/providers/{id}	self-host	G	No Provider Portal on a self-hosted server: lookups answer 404 like an unknown provider and lists are empty
GET	/api/providers/{id}	self-host	G	No Provider Portal on a self-hosted server: lookups answer 404 like an unknown provider and lists are empty
PUT	/api/providers/{id}	self-host	G	No Provider Portal on a self-hosted server: lookups answer 404 like an unknown provider and lists are empty
GET	/api/providers/{providerId}/billing/invoices	self-host	G	No Provider Portal on a self-hosted server: lookups answer 404 like an unknown provider and lists are empty
GET	/api/providers/{providerId}/billing/invoices/{invoiceId}	self-host	G	No Provider Portal on a self-hosted server: lookups answer 404 like an unknown provider and lists are empty
GET	/api/providers/{providerId}/billing/subscription	self-host	G	No Provider Portal on a self-hosted server: lookups answer 404 like an unknown provider and lists are empty
GET	/api/providers/{providerId}/billing/vnext/address	self-host	G	No Provider Portal on a self-hosted server: lookups answer 404 like an unknown provider and lists are empty
PUT	/api/providers/{providerId}/billing/vnext/address	self-host	G	No Provider Portal on a self-hosted server: lookups answer 404 like an unknown provider and lists are empty
GET	/api/providers/{providerId}/billing/vnext/credit	self-host	G	No Provider Portal on a self-hosted server: lookups answer 404 like an unknown provider and lists are empty
POST	/api/providers/{providerId}/billing/vnext/credit/bitpay	self-host	G	No Provider Portal on a self-hosted server: lookups answer 404 like an unknown provider and lists are empty
GET	/api/providers/{providerId}/billing/vnext/payment-method	self-host	G	No Provider Portal on a self-hosted server: lookups answer 404 like an unknown provider and lists are empty
PUT	/api/providers/{providerId}/billing/vnext/payment-method	self-host	G	No Provider Portal on a self-hosted server: lookups answer 404 like an unknown provider and lists are empty
POST	/api/providers/{providerId}/billing/vnext/payment-method/verify-bank-account	self-host	G	No Provider Portal on a self-hosted server: lookups answer 404 like an unknown provider and lists are empty
POST	/api/providers/{providerId}/billing/vnext/subscription/restart	self-host	G	No Provider Portal on a self-hosted server: lookups answer 404 like an unknown provider and lists are empty
POST	/api/providers/{providerId}/clients	self-host	G	No Provider Portal on a self-hosted server: lookups answer 404 like an unknown provider and lists are empty
PUT	/api/providers/{providerId}/clients/{orgId}	self-host	G	No Provider Portal on a self-hosted server: lookups answer 404 like an unknown provider and lists are empty
GET	/api/providers/{providerId}/clients/addable	self-host	G	No Provider Portal on a self-hosted server: lookups answer 404 like an unknown provider and lists are empty
POST	/api/providers/{providerId}/clients/existing	self-host	G	No Provider Portal on a self-hosted server: lookups answer 404 like an unknown provider and lists are empty
GET	/api/providers/{providerId}/events	self-host	G	No Provider Portal on a self-hosted server: lookups answer 404 like an unknown provider and lists are empty
GET	/api/providers/{providerId}/organizations	self-host	G	No Provider Portal on a self-hosted server: lookups answer 404 like an unknown provider and lists are empty
POST	/api/providers/{providerId}/organizations	self-host	G	No Provider Portal on a self-hosted server: lookups answer 404 like an unknown provider and lists are empty
DELETE	/api/providers/{providerId}/organizations/{id}	self-host	G	No Provider Portal on a self-hosted server: lookups answer 404 like an unknown provider and lists are empty
POST	/api/providers/{providerId}/organizations/add	self-host	G	No Provider Portal on a self-hosted server: lookups answer 404 like an unknown provider and lists are empty
POST	/api/providers/{id}/setup	self-host	G	No Provider Portal on a self-hosted server: lookups answer 404 like an unknown provider and lists are empty
DELETE	/api/providers/{providerId}/users	self-host	G	No Provider Portal on a self-hosted server: lookups answer 404 like an unknown provider and lists are empty
GET	/api/providers/{providerId}/users	self-host	G	No Provider Portal on a self-hosted server: lookups answer 404 like an unknown provider and lists are empty
DELETE	/api/providers/{providerId}/users/{id}	self-host	G	No Provider Portal on a self-hosted server: lookups answer 404 like an unknown provider and lists are empty
GET	/api/providers/{providerId}/users/{id}	self-host	G	No Provider Portal on a self-hosted server: lookups answer 404 like an unknown provider and lists are empty
PUT	/api/providers/{providerId}/users/{id}	self-host	G	No Provider Portal on a self-hosted server: lookups answer 404 like an unknown provider and lists are empty
POST	/api/providers/{providerId}/users/{id}/accept	self-host	G	No Provider Portal on a self-hosted server: lookups answer 404 like an unknown provider and lists are empty
POST	/api/providers/{providerId}/users/{id}/confirm	self-host	G	No Provider Portal on a self-hosted server: lookups answer 404 like an unknown provider and lists are empty
GET	/api/providers/{providerId}/users/{id}/events	self-host	G	No Provider Portal on a self-hosted server: lookups answer 404 like an unknown provider and lists are empty
POST	/api/providers/{providerId}/users/{id}/reinvite	self-host	G	No Provider Portal on a self-hosted server: lookups answer 404 like an unknown provider and lists are empty
POST	/api/providers/{providerId}/users/confirm	self-host	G	No Provider Portal on a self-hosted server: lookups answer 404 like an unknown provider and lists are empty
POST	/api/providers/{providerId}/users/invite	self-host	G	No Provider Portal on a self-hosted server: lookups answer 404 like an unknown provider and lists are empty
POST	/api/providers/{providerId}/users/public-keys	self-host	G	No Provider Portal on a self-hosted server: lookups answer 404 like an unknown provider and lists are empty
POST	/api/providers/{providerId}/users/reinvite	self-host	G	No Provider Portal on a self-hosted server: lookups answer 404 like an unknown provider and lists are empty
POST	/api/setup-intent/bank-account	self-host	G	No payment provider on a self-hosted server: reads answer an empty subscription state, writes answer 400 with an explanation
POST	/api/setup-intent/card	self-host	G	No payment provider on a self-hosted server: reads answer an empty subscription state, writes answer 400 with an explanation
POST	/api/setup-payment	self-host	G	No payment provider on a self-hosted server: reads answer an empty subscription state, writes answer 400 with an explanation
---	---			Open: owned by workstream ---
POST	/api/accounts/key-connector/enroll	implemented		Joins an SSO member without a master password to the Key Connector (TASKS #340)
PUT	/api/accounts/update-temp-password			Open: account recovery and device approvals (workstream C)
POST	/api/auth-requests/admin-request			Open: account recovery and device approvals (workstream C)
PUT	/api/devices/identifier/{id}/clear-token	implemented		Clears the push token and the relay registration (TASKS #341)
POST	/api/devices/identifier/{getAppId}/web-push-auth	implemented		Stores the browser Web Push subscription; https endpoints of known push services only (TASKS #342)
PUT	/api/devices/identifier/{id}/web-push-auth	implemented		Same handler as the POST (TASKS #342)
GET	/api/organizations/{id}/auth-requests			Open: account recovery and device approvals (workstream C)
POST	/api/organizations/{id}/auth-requests			Open: account recovery and device approvals (workstream C)
POST	/api/organizations/{id}/auth-requests/{id}			Open: account recovery and device approvals (workstream C)
POST	/api/organizations/{id}/auth-requests/deny			Open: account recovery and device approvals (workstream C)
GET	/api/organizations/(id)/public-key	implemented		Organisation public key for confirmed members (TASKS #343)
PUT	/api/organizations/{orgId}/users/{id}/recover-account			Open: account recovery and device approvals (workstream C)
GET	/api/organizations/{orgId}/users/{id}/reset-password-details			Open: account recovery and device approvals (workstream C)
PUT	/api/organizations/{orgId}/users/{userId}/reset-password-enrollment			Open: account recovery and device approvals (workstream C)
POST	/api/organizations/{orgId}/users/account-recovery-details			Open: account recovery and device approvals (workstream C)
POST	/api/organizations/connections/	self-host	G	Self-hosted answer of the official server with cloud communication disabled: the probe says false, writes answer 400 (create) or 404 (update, delete), there is never a connection to read (TASKS #344)
DELETE	/api/organizations/connections/{id}	self-host	G	Self-hosted answer of the official server with cloud communication disabled: the probe says false, writes answer 400 (create) or 404 (update, delete), there is never a connection to read (TASKS #344)
PUT	/api/organizations/connections/{orgId}	self-host	G	Self-hosted answer of the official server with cloud communication disabled: the probe says false, writes answer 400 (create) or 404 (update, delete), there is never a connection to read (TASKS #344)
GET	/api/organizations/connections/{id}/{type}	self-host	G	Self-hosted answer of the official server with cloud communication disabled: the probe says false, writes answer 400 (create) or 404 (update, delete), there is never a connection to read (TASKS #344)
GET	/api/organizations/connections/enabled	self-host	G	Self-hosted answer of the official server with cloud communication disabled: the probe says false, writes answer 400 (create) or 404 (update, delete), there is never a connection to read (TASKS #344)
PUT	/api/push/add-organization	not applicable	-	Relay-side endpoint of the Bitwarden cloud push relay. This server is a relay client (it calls these endpoints, see docs/push-notifications.md) and never serves them
POST	/api/push/delete	not applicable	-	Relay-side endpoint of the Bitwarden cloud push relay. This server is a relay client (it calls these endpoints, see docs/push-notifications.md) and never serves them
PUT	/api/push/delete-organization	not applicable	-	Relay-side endpoint of the Bitwarden cloud push relay. This server is a relay client (it calls these endpoints, see docs/push-notifications.md) and never serves them
POST	/api/push/register	not applicable	-	Relay-side endpoint of the Bitwarden cloud push relay. This server is a relay client (it calls these endpoints, see docs/push-notifications.md) and never serves them
POST	/api/push/send	not applicable	-	Relay-side endpoint of the Bitwarden cloud push relay. This server is a relay client (it calls these endpoints, see docs/push-notifications.md) and never serves them
GET	/api/secret-versions/{id}			Open: Secrets Manager versions, import and export (workstream D, open PR)
POST	/api/secret-versions/delete			Open: Secrets Manager versions, import and export (workstream D, open PR)
POST	/api/secret-versions/get-by-ids			Open: Secrets Manager versions, import and export (workstream D, open PR)
GET	/api/secrets/{id}/versions			Open: Secrets Manager versions, import and export (workstream D, open PR)
PUT	/api/secrets/{id}/versions/restore			Open: Secrets Manager versions, import and export (workstream D, open PR)
GET	/api/sm/{id}/export			Open: Secrets Manager versions, import and export (workstream D, open PR)
POST	/api/sm/{id}/import			Open: Secrets Manager versions, import and export (workstream D, open PR)
GET	/api/sso-cookie-vendor	implemented		Confirms the reverse proxy session cookie; 404 unless SSO_COOKIE_VENDOR_COOKIE_NAME is set (TASKS #345)
GET	/identity/sso/ExternalCallback	implemented		Maps onto the authorize and callback flow with all SSO hardening (TASKS #346)
GET	/identity/sso/ExternalChallenge	implemented		Maps onto the authorize and callback flow with all SSO hardening (TASKS #346)
GET	/identity/sso/Login	implemented		Maps onto the authorize and callback flow with all SSO hardening (TASKS #346)
POST	/api/installations	not applicable	-	Relay-side endpoint of the Bitwarden cloud push relay. This server is a relay client (it calls these endpoints, see docs/push-notifications.md) and never serves them
GET	/api/installations/{id}	not applicable	-	Relay-side endpoint of the Bitwarden cloud push relay. This server is a relay client (it calls these endpoints, see docs/push-notifications.md) and never serves them
POST	/api/providers/{providerId}/delete-recover-token	implemented	G	No Provider Portal on a self-hosted server: answers 404 like an unknown provider
GET	/api/organizations/{id}/integrations/slack/redirect	implemented	F	Answers 400: no Slack app is configured on this server
GET	/api/organizations/{id}/integrations/teams/redirect	implemented	F	Answers 400: no Teams app is configured on this server
GET	/api/organizations/{id}/integrations/{id}/teams/channels	implemented	F	Answers 400: no Teams app is configured on this server
GET	/api/organizations/integrations/slack/create	implemented	F	Answers 400: no Slack app is configured on this server
GET	/api/organizations/integrations/teams/create	implemented	F	Answers 400: no Teams app is configured on this server
POST	/api/organizations/integrations/teams/incoming	implemented	F	Answers 400: no Teams app is configured on this server
