GET	/api/access-connectors/rotation/attempts/{id}/cipher	sdk:pam_access_connector_rotation_attempts_api
PUT	/api/access-connectors/rotation/attempts/{id}/cipher	sdk:pam_access_connector_rotation_attempts_api
POST	/api/access-connectors/rotation/attempts/{id}/failure	sdk:pam_access_connector_rotation_attempts_api
POST	/api/access-connectors/rotation/attempts/{id}/success	sdk:pam_access_connector_rotation_attempts_api
GET	/api/access-connectors/rotation/jobs	sdk:pam_access_connector_rotation_jobs_api
POST	/api/access-connectors/rotation/jobs/{id}/claim	sdk:pam_access_connector_rotation_jobs_api
GET	/api/access-requests/history	sdk:access_requests_api
GET	/api/access-requests/inbox	sdk:access_requests_api
GET	/api/access-requests/mine	sdk:access_requests_api
GET	/api/access-requests/{id}	sdk:access_requests_api
POST	/api/access-requests/{id}/activate	sdk:access_requests_api
POST	/api/access-requests/{id}/decision	sdk:access_requests_api
POST	/api/access-requests/{id}/revoke	sdk:access_requests_api
GET	/api/account/billing/subscription/preview	sdk:user_subscriptions_api
GET	/api/account/billing/subscription/purchase/preview	sdk:user_subscriptions_api
GET	/api/account/billing/subscription/upgrade/preview	sdk:user_subscriptions_api
GET	/api/account/billing/vnext/credit	sdk:account_billing_v_next_api
POST	/api/account/billing/vnext/credit/bitpay	sdk:account_billing_v_next_api
GET	/api/account/billing/vnext/discounts	sdk:account_billing_v_next_api
GET	/api/account/billing/vnext/license	sdk:account_billing_v_next_api
PUT	/api/account/billing/vnext/payment-method	sdk:account_billing_v_next_api
GET	/api/account/billing/vnext/payment-method	sdk:account_billing_v_next_api
POST	/api/account/billing/vnext/portal-session	sdk:account_billing_v_next_api
POST	/api/account/billing/vnext/premium/checkout	sdk:account_billing_v_next_api
POST	/api/account/billing/vnext/self-host/license	sdk:self_hosted_account_billing_v_next_api
GET	/api/account/billing/vnext/subscription	sdk:account_billing_v_next_api
POST	/api/account/billing/vnext/subscription	sdk:account_billing_v_next_api
POST	/api/account/billing/vnext/subscription/reinstate	sdk:account_billing_v_next_api
PUT	/api/account/billing/vnext/subscription/storage	sdk:account_billing_v_next_api
POST	/api/account/billing/vnext/upgrade	sdk:account_billing_v_next_api
DELETE	/api/accounts	sdk:accounts_api
POST	/api/accounts/api-key	sdk:accounts_api
PUT	/api/accounts/avatar	sdk:accounts_api
GET	/api/accounts/billing/history	sdk:accounts_billing_api
GET	/api/accounts/billing/invoices	sdk:accounts_billing_api
GET	/api/accounts/billing/transactions	sdk:accounts_billing_api
POST	/api/accounts/cancel	sdk:accounts_api
POST	/api/accounts/convert-to-key-connector	sdk:accounts_key_management_api
POST	/api/accounts/delete-recover	sdk:accounts_api
POST	/api/accounts/delete-recover-token	sdk:accounts_api
POST	/api/accounts/email	sdk:accounts_api
POST	/api/accounts/email-token	sdk:accounts_api
POST	/api/accounts/kdf	sdk:accounts_api
GET	/api/accounts/key-connector/confirmation-details/{id}	sdk:accounts_key_management_api
POST	/api/accounts/key-connector/enroll	sdk:accounts_key_management_api
GET	/api/accounts/key-management/key-rotation-data	sdk:accounts_key_management_api
POST	/api/accounts/key-management/regenerate-keys	sdk:accounts_key_management_api
POST	/api/accounts/key-management/rotate-user-account-keys	sdk:accounts_key_management_api
POST	/api/accounts/key-management/rotate-user-keys	sdk:accounts_key_management_api
POST	/api/accounts/key-management/user-key-id	sdk:accounts_key_management_api
POST	/api/accounts/keys	sdk:accounts_api
GET	/api/accounts/keys	sdk:accounts_api
POST	/api/accounts/license	sdk:accounts_api
GET	/api/accounts/organizations	sdk:accounts_api
POST	/api/accounts/password	sdk:accounts_api
POST	/api/accounts/password-hint	sdk:accounts_api
PUT	/api/accounts/profile	sdk:accounts_api
GET	/api/accounts/profile	sdk:accounts_api
POST	/api/accounts/request-otp	sdk:accounts_api
POST	/api/accounts/resend-new-device-otp	sdk:accounts_api
GET	/api/accounts/revision-date	sdk:accounts_api
POST	/api/accounts/rotate-api-key	sdk:accounts_api
POST	/api/accounts/security-stamp	sdk:accounts_api
POST	/api/accounts/set-key-connector-key	sdk:accounts_key_management_api
POST	/api/accounts/set-password	sdk:accounts_api
GET	/api/accounts/sso/user-identifier	sdk:accounts_api
DELETE	/api/accounts/sso/{id}	sdk:accounts_api
GET	/api/accounts/subscription	sdk:accounts_api
PUT	/api/accounts/update-tde-offboarding-password	sdk:accounts_api
PUT	/api/accounts/update-temp-password	sdk:accounts_api
PUT	/api/accounts/verify-devices	sdk:accounts_api
POST	/api/accounts/verify-email	sdk:accounts_api
POST	/api/accounts/verify-email-token	sdk:accounts_api
POST	/api/accounts/verify-otp	sdk:accounts_api
POST	/api/accounts/verify-password	sdk:accounts_api
GET	/api/alive	sdk:info_api
POST	/api/auth-requests	sdk:auth_requests_api
GET	/api/auth-requests	sdk:auth_requests_api
POST	/api/auth-requests/admin-request	sdk:auth_requests_api
GET	/api/auth-requests/pending	sdk:auth_requests_api
GET	/api/auth-requests/{id}	sdk:auth_requests_api
PUT	/api/auth-requests/{id}	sdk:auth_requests_api
GET	/api/auth-requests/{id}/response	sdk:auth_requests_api
POST	/api/billing/preview-invoice/organizations/subscriptions/purchase	sdk:preview_invoice_api
POST	/api/billing/preview-invoice/organizations/{id}/subscription/plan-change	sdk:preview_invoice_api
PUT	/api/billing/preview-invoice/organizations/{id}/subscription/update	sdk:preview_invoice_api
POST	/api/billing/preview-invoice/premium/subscriptions/purchase	sdk:preview_invoice_api
POST	/api/billing/preview-invoice/premium/subscriptions/upgrade	sdk:preview_invoice_api
GET	/api/ciphers	sdk:ciphers_api
DELETE	/api/ciphers	sdk:ciphers_api
POST	/api/ciphers	sdk:ciphers_api
POST	/api/ciphers/admin	sdk:ciphers_api
DELETE	/api/ciphers/admin	sdk:ciphers_api
PUT	/api/ciphers/archive	sdk:ciphers_api
GET	/api/ciphers/attachment/download	sdk:ciphers_api
POST	/api/ciphers/attachment/validate/azure	sdk:ciphers_api
POST	/api/ciphers/bulk-collections	sdk:ciphers_api
POST	/api/ciphers/create	sdk:ciphers_api
PUT	/api/ciphers/delete	sdk:ciphers_api
PUT	/api/ciphers/delete-admin	sdk:ciphers_api
POST	/api/ciphers/import	sdk:import_ciphers_api
POST	/api/ciphers/import-organization	sdk:import_ciphers_api
PUT	/api/ciphers/move	sdk:ciphers_api
GET	/api/ciphers/organization-details	sdk:ciphers_api
GET	/api/ciphers/organization-details/assigned	sdk:ciphers_api
GET	/api/ciphers/organization-details/logins	sdk:ciphers_api
POST	/api/ciphers/purge	sdk:ciphers_api
PUT	/api/ciphers/restore	sdk:ciphers_api
PUT	/api/ciphers/restore-admin	sdk:ciphers_api
PUT	/api/ciphers/share	sdk:ciphers_api
PUT	/api/ciphers/unarchive	sdk:ciphers_api
PUT	/api/ciphers/{id}	sdk:ciphers_api
GET	/api/ciphers/{id}	sdk:ciphers_api
DELETE	/api/ciphers/{id}	sdk:ciphers_api
PUT	/api/ciphers/{id}/admin	sdk:ciphers_api
GET	/api/ciphers/{id}/admin	sdk:ciphers_api
DELETE	/api/ciphers/{id}/admin	sdk:ciphers_api
PUT	/api/ciphers/{id}/archive	sdk:ciphers_api
POST	/api/ciphers/{id}/attachment-admin	sdk:ciphers_api
POST	/api/ciphers/{id}/attachment/v2	sdk:ciphers_api
POST	/api/ciphers/{id}/attachment/{id}	sdk:ciphers_api
GET	/api/ciphers/{id}/attachment/{id}	sdk:ciphers_api
DELETE	/api/ciphers/{id}/attachment/{id}	sdk:ciphers_api
GET	/api/ciphers/{id}/attachment/{id}/admin	sdk:ciphers_api
DELETE	/api/ciphers/{id}/attachment/{id}/admin	sdk:ciphers_api
GET	/api/ciphers/{id}/attachment/{id}/renew	sdk:ciphers_api
POST	/api/ciphers/{id}/attachment/{id}/share	sdk:ciphers_api
PUT	/api/ciphers/{id}/collections	sdk:ciphers_api
PUT	/api/ciphers/{id}/collections-admin	sdk:ciphers_api
PUT	/api/ciphers/{id}/collections_v2	sdk:ciphers_api
PUT	/api/ciphers/{id}/delete	sdk:ciphers_api
PUT	/api/ciphers/{id}/delete-admin	sdk:ciphers_api
GET	/api/ciphers/{id}/details	sdk:ciphers_api
GET	/api/ciphers/{id}/events	sdk:events_api
PUT	/api/ciphers/{id}/partial	sdk:ciphers_api
PUT	/api/ciphers/{id}/restore	sdk:ciphers_api
PUT	/api/ciphers/{id}/restore-admin	sdk:ciphers_api
PUT	/api/ciphers/{id}/share	sdk:ciphers_api
PUT	/api/ciphers/{id}/unarchive	sdk:ciphers_api
GET	/api/collections	sdk:collections_api
GET	/api/config	sdk:config_api
POST	/api/devices	sdk:devices_api
GET	/api/devices	sdk:devices_api
GET	/api/devices/identifier/{id}	sdk:devices_api
PUT	/api/devices/identifier/{id}/clear-token	sdk:devices_api
PUT	/api/devices/identifier/{id}/token	sdk:devices_api
PUT	/api/devices/identifier/{id}/web-push-auth	sdk:devices_api
GET	/api/devices/knowndevice	sdk:devices_api
POST	/api/devices/lost-trust	sdk:devices_api
POST	/api/devices/untrust	sdk:devices_api
POST	/api/devices/update-trust	sdk:devices_api
GET	/api/devices/{id}	sdk:devices_api
PUT	/api/devices/{id}	sdk:devices_api
DELETE	/api/devices/{id}	sdk:devices_api
PUT	/api/devices/{id}/keys	sdk:devices_api
GET	/api/emergency-access/granted	sdk:emergency_access_api
POST	/api/emergency-access/invite	sdk:emergency_access_api
GET	/api/emergency-access/trusted	sdk:emergency_access_api
PUT	/api/emergency-access/{id}	sdk:emergency_access_api
DELETE	/api/emergency-access/{id}	sdk:emergency_access_api
GET	/api/emergency-access/{id}	sdk:emergency_access_api
POST	/api/emergency-access/{id}/accept	sdk:emergency_access_api
POST	/api/emergency-access/{id}/approve	sdk:emergency_access_api
POST	/api/emergency-access/{id}/confirm	sdk:emergency_access_api
POST	/api/emergency-access/{id}/initiate	sdk:emergency_access_api
POST	/api/emergency-access/{id}/password	sdk:emergency_access_api
GET	/api/emergency-access/{id}/policies	sdk:emergency_access_api
POST	/api/emergency-access/{id}/reinvite	sdk:emergency_access_api
POST	/api/emergency-access/{id}/reject	sdk:emergency_access_api
POST	/api/emergency-access/{id}/takeover	sdk:emergency_access_api
POST	/api/emergency-access/{id}/view	sdk:emergency_access_api
GET	/api/emergency-access/{id}/{id}/attachment/{id}	sdk:emergency_access_api
GET	/api/events	sdk:events_api
DELETE	/api/folders	sdk:folders_api
POST	/api/folders	sdk:folders_api
GET	/api/folders	sdk:folders_api
DELETE	/api/folders/all	sdk:folders_api
GET	/api/folders/{id}	sdk:folders_api
DELETE	/api/folders/{id}	sdk:folders_api
PUT	/api/folders/{id}	sdk:folders_api
GET	/api/hibp/breach	sdk:hibp_api
POST	/api/installations	sdk:installations_api
GET	/api/installations/{id}	sdk:installations_api
GET	/api/leases/active	sdk:leases_api
POST	/api/leases/ciphers/{id}	sdk:cipher_lease_api
GET	/api/leases/ciphers/{id}/pre-check	sdk:cipher_lease_api
GET	/api/leases/ciphers/{id}/state	sdk:cipher_lease_api
GET	/api/leases/history	sdk:leases_api
GET	/api/leases/mine	sdk:leases_api
POST	/api/leases/{id}/extend	sdk:leases_api
POST	/api/leases/{id}/revoke	sdk:leases_api
GET	/api/licenses/organization/{id}	sdk:licenses_api
GET	/api/licenses/user/{id}	sdk:licenses_api
GET	/api/notifications	sdk:notifications_api
PATCH	/api/notifications/{id}/delete	sdk:notifications_api
PATCH	/api/notifications/{id}/read	sdk:notifications_api
POST	/api/organization/sponsorship/redeem	sdk:organization_sponsorships_api
DELETE	/api/organization/sponsorship/self-hosted/{id}	sdk:self_hosted_organization_sponsorships_api
POST	/api/organization/sponsorship/self-hosted/{id}/families-for-enterprise	sdk:self_hosted_organization_sponsorships_api
GET	/api/organization/sponsorship/self-hosted/{id}/sponsored	sdk:self_hosted_organization_sponsorships_api
DELETE	/api/organization/sponsorship/self-hosted/{id}/{id}/revoke	sdk:self_hosted_organization_sponsorships_api
DELETE	/api/organization/sponsorship/sponsored/{id}	sdk:organization_sponsorships_api
POST	/api/organization/sponsorship/sync	sdk:organization_sponsorships_api
POST	/api/organization/sponsorship/validate-token	sdk:organization_sponsorships_api
DELETE	/api/organization/sponsorship/{id}	sdk:organization_sponsorships_api
POST	/api/organization/sponsorship/{id}/families-for-enterprise	sdk:organization_sponsorships_api
POST	/api/organization/sponsorship/{id}/families-for-enterprise/resend	sdk:organization_sponsorships_api
GET	/api/organization/sponsorship/{id}/sponsored	sdk:organization_sponsorships_api
GET	/api/organization/sponsorship/{id}/sync-status	sdk:organization_sponsorships_api
DELETE	/api/organization/sponsorship/{id}/{id}/revoke	sdk:organization_sponsorships_api
GET	/api/organization/{id}/projects/{id}/events	sdk:events_api
GET	/api/organization/{id}/secrets/{id}/events	sdk:events_api
GET	/api/organization/{id}/service-account/{id}/events	sdk:events_api
GET	/api/organizations	sdk:organizations_api
POST	/api/organizations	sdk:organizations_api
POST	/api/organizations/billing/subscription/purchase/preview	sdk:organization_subscriptions_api
POST	/api/organizations/connections	sdk:organization_connections_api
GET	/api/organizations/connections/enabled	sdk:organization_connections_api
DELETE	/api/organizations/connections/{id}	sdk:organization_connections_api
PUT	/api/organizations/connections/{id}	sdk:organization_connections_api
GET	/api/organizations/connections/{id}/{id}	sdk:organization_connections_api
POST	/api/organizations/create-without-payment	sdk:organizations_api
POST	/api/organizations/domain/sso/verified	sdk:organization_domain_api
GET	/api/organizations/integrations/slack/create	sdk:slack_integration_api
GET	/api/organizations/integrations/teams/create	sdk:teams_integration_api
POST	/api/organizations/integrations/teams/incoming	sdk:teams_integration_api
POST	/api/organizations/invite-link/policies	sdk:organization_invite_links_api
POST	/api/organizations/invite-link/status	sdk:organization_invite_links_api
POST	/api/organizations/invite-link/validate-email-domain	sdk:organization_invite_links_api
POST	/api/organizations/licenses/self-hosted	sdk:self_hosted_organization_licenses_api
POST	/api/organizations/licenses/self-hosted/{id}	sdk:self_hosted_organization_licenses_api
POST	/api/organizations/licenses/self-hosted/{id}/sync	sdk:self_hosted_organization_licenses_api
POST	/api/organizations/users/invite-link/accept	sdk:organization_users_api
POST	/api/organizations/users/invite-link/confirm	sdk:organization_users_api
POST	/api/organizations/users/invite-link/invite	sdk:organization_users_api
GET	/api/organizations/{id}	sdk:organizations_api
PUT	/api/organizations/{id}	sdk:organizations_api
DELETE	/api/organizations/{id}	sdk:organizations_api
POST	/api/organizations/{id}/access-connectors	sdk:pam_access_connectors_api
GET	/api/organizations/{id}/access-connectors	sdk:pam_access_connectors_api
POST	/api/organizations/{id}/access-connectors/rotation/configs	sdk:pam_access_connector_rotation_configs_api
GET	/api/organizations/{id}/access-connectors/rotation/configs	sdk:pam_access_connector_rotation_configs_api
PUT	/api/organizations/{id}/access-connectors/rotation/configs/{id}	sdk:pam_access_connector_rotation_configs_api
DELETE	/api/organizations/{id}/access-connectors/rotation/configs/{id}	sdk:pam_access_connector_rotation_configs_api
GET	/api/organizations/{id}/access-connectors/rotation/configs/{id}	sdk:pam_access_connector_rotation_configs_api
POST	/api/organizations/{id}/access-connectors/rotation/configs/{id}/pause	sdk:pam_access_connector_rotation_configs_api
POST	/api/organizations/{id}/access-connectors/rotation/configs/{id}/record-manual	sdk:pam_access_connector_rotation_configs_api
POST	/api/organizations/{id}/access-connectors/rotation/configs/{id}/resume	sdk:pam_access_connector_rotation_configs_api
POST	/api/organizations/{id}/access-connectors/rotation/configs/{id}/rotate	sdk:pam_access_connector_rotation_configs_api
GET	/api/organizations/{id}/access-connectors/rotation/target-systems	sdk:pam_access_connector_rotation_target_systems_api
POST	/api/organizations/{id}/access-connectors/rotation/target-systems	sdk:pam_access_connector_rotation_target_systems_api
DELETE	/api/organizations/{id}/access-connectors/rotation/target-systems/{id}	sdk:pam_access_connector_rotation_target_systems_api
PUT	/api/organizations/{id}/access-connectors/rotation/target-systems/{id}	sdk:pam_access_connector_rotation_target_systems_api
POST	/api/organizations/{id}/access-connectors/rotation/target-systems/{id}/disable	sdk:pam_access_connector_rotation_target_systems_api
POST	/api/organizations/{id}/access-connectors/rotation/target-systems/{id}/enable	sdk:pam_access_connector_rotation_target_systems_api
DELETE	/api/organizations/{id}/access-connectors/{id}	sdk:pam_access_connectors_api
GET	/api/organizations/{id}/access-connectors/{id}	sdk:pam_access_connectors_api
POST	/api/organizations/{id}/access-connectors/{id}/assignments	sdk:pam_access_connectors_api
DELETE	/api/organizations/{id}/access-connectors/{id}/assignments/{id}	sdk:pam_access_connectors_api
POST	/api/organizations/{id}/access-connectors/{id}/disable	sdk:pam_access_connectors_api
POST	/api/organizations/{id}/access-connectors/{id}/enable	sdk:pam_access_connectors_api
GET	/api/organizations/{id}/access-policies/people/potential-grantees	sdk:access_policies_api
GET	/api/organizations/{id}/access-policies/projects/potential-grantees	sdk:access_policies_api
GET	/api/organizations/{id}/access-policies/service-accounts/potential-grantees	sdk:access_policies_api
POST	/api/organizations/{id}/access-rules	sdk:access_rules_api
GET	/api/organizations/{id}/access-rules	sdk:access_rules_api
GET	/api/organizations/{id}/access-rules/{id}	sdk:access_rules_api
DELETE	/api/organizations/{id}/access-rules/{id}	sdk:access_rules_api
PUT	/api/organizations/{id}/access-rules/{id}	sdk:access_rules_api
POST	/api/organizations/{id}/api-key	sdk:organizations_api
GET	/api/organizations/{id}/api-key-information/{id}	sdk:organizations_api
POST	/api/organizations/{id}/auth-requests	sdk:organization_auth_requests_api
GET	/api/organizations/{id}/auth-requests	sdk:organization_auth_requests_api
POST	/api/organizations/{id}/auth-requests/deny	sdk:organization_auth_requests_api
POST	/api/organizations/{id}/auth-requests/{id}	sdk:organization_auth_requests_api
GET	/api/organizations/{id}/auto-enroll-status	sdk:organizations_api
GET	/api/organizations/{id}/billing	sdk:organization_billing_api
POST	/api/organizations/{id}/billing/change-frequency	sdk:organization_billing_api
GET	/api/organizations/{id}/billing/history	sdk:organization_billing_api
GET	/api/organizations/{id}/billing/invoices	sdk:organization_billing_api
POST	/api/organizations/{id}/billing/setup-business-unit	sdk:organization_billing_api
GET	/api/organizations/{id}/billing/subscription/preview	sdk:organization_subscriptions_api
GET	/api/organizations/{id}/billing/transactions	sdk:organization_billing_api
PUT	/api/organizations/{id}/billing/vnext/address	sdk:organization_billing_v_next_api
GET	/api/organizations/{id}/billing/vnext/address	sdk:organization_billing_v_next_api
GET	/api/organizations/{id}/billing/vnext/annual-upgrade-offer	sdk:organization_billing_v_next_api
POST	/api/organizations/{id}/billing/vnext/annual-upgrade-offer/redeem	sdk:organization_billing_v_next_api
GET	/api/organizations/{id}/billing/vnext/churn-mitigation-offer	sdk:organization_billing_v_next_api
POST	/api/organizations/{id}/billing/vnext/churn-mitigation-offer/redeem	sdk:organization_billing_v_next_api
GET	/api/organizations/{id}/billing/vnext/credit	sdk:organization_billing_v_next_api
POST	/api/organizations/{id}/billing/vnext/credit/bitpay	sdk:organization_billing_v_next_api
GET	/api/organizations/{id}/billing/vnext/metadata	sdk:organization_billing_v_next_api
GET	/api/organizations/{id}/billing/vnext/payment-method	sdk:organization_billing_v_next_api
PUT	/api/organizations/{id}/billing/vnext/payment-method	sdk:organization_billing_v_next_api
GET	/api/organizations/{id}/billing/vnext/self-host/metadata	sdk:self_hosted_organization_billing_v_next_api
POST	/api/organizations/{id}/billing/vnext/subscription/restart	sdk:organization_billing_v_next_api
GET	/api/organizations/{id}/billing/vnext/warnings	sdk:organization_billing_v_next_api
POST	/api/organizations/{id}/cancel	sdk:organizations_api
PUT	/api/organizations/{id}/collection-management	sdk:organizations_api
GET	/api/organizations/{id}/collections	sdk:collections_api
DELETE	/api/organizations/{id}/collections	sdk:collections_api
POST	/api/organizations/{id}/collections	sdk:collections_api
GET	/api/organizations/{id}/collections/access	sdk:collections_api
POST	/api/organizations/{id}/collections/bulk-access	sdk:collections_api
GET	/api/organizations/{id}/collections/details	sdk:collections_api
PUT	/api/organizations/{id}/collections/{id}	sdk:collections_api
GET	/api/organizations/{id}/collections/{id}	sdk:collections_api
DELETE	/api/organizations/{id}/collections/{id}	sdk:collections_api
GET	/api/organizations/{id}/collections/{id}/details	sdk:collections_api
GET	/api/organizations/{id}/collections/{id}/users	sdk:collections_api
POST	/api/organizations/{id}/delete-recover-token	sdk:organizations_api
GET	/api/organizations/{id}/domain	sdk:organization_domain_api
POST	/api/organizations/{id}/domain	sdk:organization_domain_api
GET	/api/organizations/{id}/domain/mini	sdk:organization_domain_api
GET	/api/organizations/{id}/domain/{id}	sdk:organization_domain_api
DELETE	/api/organizations/{id}/domain/{id}	sdk:organization_domain_api
POST	/api/organizations/{id}/domain/{id}/verify	sdk:organization_domain_api
GET	/api/organizations/{id}/events	sdk:events_api
GET	/api/organizations/{id}/export	sdk:organization_export_api
DELETE	/api/organizations/{id}/groups	sdk:groups_api
GET	/api/organizations/{id}/groups	sdk:groups_api
POST	/api/organizations/{id}/groups	sdk:groups_api
GET	/api/organizations/{id}/groups/details	sdk:groups_api
PUT	/api/organizations/{id}/groups/{id}	sdk:groups_api
GET	/api/organizations/{id}/groups/{id}	sdk:groups_api
DELETE	/api/organizations/{id}/groups/{id}	sdk:groups_api
GET	/api/organizations/{id}/groups/{id}/details	sdk:groups_api
DELETE	/api/organizations/{id}/groups/{id}/user/{id}	sdk:groups_api
GET	/api/organizations/{id}/groups/{id}/users	sdk:groups_api
POST	/api/organizations/{id}/integrations	sdk:organization_integration_api
GET	/api/organizations/{id}/integrations	sdk:organization_integration_api
GET	/api/organizations/{id}/integrations/slack/redirect	sdk:slack_integration_api
GET	/api/organizations/{id}/integrations/teams/redirect	sdk:teams_integration_api
DELETE	/api/organizations/{id}/integrations/{id}	sdk:organization_integration_api
PUT	/api/organizations/{id}/integrations/{id}	sdk:organization_integration_api
POST	/api/organizations/{id}/integrations/{id}/configurations	sdk:organization_integration_configuration_api
GET	/api/organizations/{id}/integrations/{id}/configurations	sdk:organization_integration_configuration_api
PUT	/api/organizations/{id}/integrations/{id}/configurations/{id}	sdk:organization_integration_configuration_api
DELETE	/api/organizations/{id}/integrations/{id}/configurations/{id}	sdk:organization_integration_configuration_api
GET	/api/organizations/{id}/integrations/{id}/teams/channels	sdk:teams_integration_api
GET	/api/organizations/{id}/invite-link	sdk:organization_invite_links_api
DELETE	/api/organizations/{id}/invite-link	sdk:organization_invite_links_api
POST	/api/organizations/{id}/invite-link	sdk:organization_invite_links_api
PUT	/api/organizations/{id}/invite-link	sdk:organization_invite_links_api
POST	/api/organizations/{id}/invite-link/refresh	sdk:organization_invite_links_api
PUT	/api/organizations/{id}/invite-link/support-confirm	sdk:organization_invite_links_api
POST	/api/organizations/{id}/keys	sdk:organizations_api
POST	/api/organizations/{id}/leave	sdk:organizations_api
GET	/api/organizations/{id}/license	sdk:organizations_api
GET	/api/organizations/{id}/policies	sdk:policies_api
GET	/api/organizations/{id}/policies/master-password	sdk:policies_api
GET	/api/organizations/{id}/policies/token	sdk:policies_api
PUT	/api/organizations/{id}/policies/{id}	sdk:policies_api
GET	/api/organizations/{id}/policies/{id}	sdk:policies_api
GET	/api/organizations/{id}/private-key	sdk:organizations_api
GET	/api/organizations/{id}/projects	sdk:projects_api	bws
POST	/api/organizations/{id}/projects	sdk:projects_api	bws
GET	/api/organizations/{id}/public-key	sdk:organizations_api
POST	/api/organizations/{id}/reinstate	sdk:organizations_api
POST	/api/organizations/{id}/rotate-api-key	sdk:organizations_api
POST	/api/organizations/{id}/seat	sdk:organizations_api
POST	/api/organizations/{id}/secrets	sdk:secrets_api	bws
GET	/api/organizations/{id}/secrets	sdk:secrets_api	bws
GET	/api/organizations/{id}/secrets/sync	sdk:secrets_api	bws
GET	/api/organizations/{id}/sends/{id}/events	sdk:events_api
POST	/api/organizations/{id}/service-accounts	sdk:service_accounts_api	bws
GET	/api/organizations/{id}/service-accounts	sdk:service_accounts_api	bws
GET	/api/organizations/{id}/sm-counts	sdk:counts_api
POST	/api/organizations/{id}/sm-subscription	sdk:organizations_api
GET	/api/organizations/{id}/sso	sdk:organizations_api
POST	/api/organizations/{id}/sso	sdk:organizations_api
POST	/api/organizations/{id}/storage	sdk:organizations_api
POST	/api/organizations/{id}/subscribe-secrets-manager	sdk:organizations_api
GET	/api/organizations/{id}/subscription	sdk:organizations_api
POST	/api/organizations/{id}/subscription	sdk:organizations_api
GET	/api/organizations/{id}/two-factor	sdk:two_factor_api
DELETE	/api/organizations/{id}/two-factor/duo	sdk:two_factor_api
PUT	/api/organizations/{id}/two-factor/duo	sdk:two_factor_api
POST	/api/organizations/{id}/two-factor/get-duo	sdk:two_factor_api
POST	/api/organizations/{id}/upgrade	sdk:organizations_api
GET	/api/organizations/{id}/users	sdk:organization_users_api
DELETE	/api/organizations/{id}/users	sdk:organization_users_api
POST	/api/organizations/{id}/users/account-recovery-details	sdk:organization_users_api
POST	/api/organizations/{id}/users/bulk-auto-confirm	sdk:organization_users_api
POST	/api/organizations/{id}/users/confirm	sdk:organization_users_api
DELETE	/api/organizations/{id}/users/delete-account	sdk:organization_users_api
PUT	/api/organizations/{id}/users/enable-pam	sdk:organization_users_api
PUT	/api/organizations/{id}/users/enable-secrets-manager	sdk:organization_users_api
POST	/api/organizations/{id}/users/invite	sdk:organization_users_api
GET	/api/organizations/{id}/users/mini-details	sdk:organization_users_api
GET	/api/organizations/{id}/users/pending-auto-confirm	sdk:organization_users_api
POST	/api/organizations/{id}/users/public-keys	sdk:organization_users_api
POST	/api/organizations/{id}/users/reinvite	sdk:organization_users_api
PUT	/api/organizations/{id}/users/restore	sdk:organization_users_api
PUT	/api/organizations/{id}/users/revoke	sdk:organization_users_api
PUT	/api/organizations/{id}/users/revoke-self	sdk:organization_users_api
POST	/api/organizations/{id}/users/send-invite	sdk:organization_users_api
DELETE	/api/organizations/{id}/users/{id}	sdk:organization_users_api
PUT	/api/organizations/{id}/users/{id}	sdk:organization_users_api
GET	/api/organizations/{id}/users/{id}	sdk:organization_users_api
POST	/api/organizations/{id}/users/{id}/accept	sdk:organization_users_api
POST	/api/organizations/{id}/users/{id}/accept-init	sdk:organization_users_api
POST	/api/organizations/{id}/users/{id}/auto-confirm	sdk:organization_users_api
POST	/api/organizations/{id}/users/{id}/confirm	sdk:organization_users_api
DELETE	/api/organizations/{id}/users/{id}/delete-account	sdk:organization_users_api
GET	/api/organizations/{id}/users/{id}/events	sdk:events_api
PUT	/api/organizations/{id}/users/{id}/recover-account	sdk:organization_users_api
POST	/api/organizations/{id}/users/{id}/reinvite	sdk:organization_users_api
GET	/api/organizations/{id}/users/{id}/reset-password-details	sdk:organization_users_api
PUT	/api/organizations/{id}/users/{id}/reset-password-enrollment	sdk:organization_users_api
PUT	/api/organizations/{id}/users/{id}/restore/vnext	sdk:organization_users_api
PUT	/api/organizations/{id}/users/{id}/revoke	sdk:organization_users_api
GET	/api/plans	sdk:plans_api
GET	/api/plans/premium	sdk:plans_api
POST	/api/projects/delete	sdk:projects_api	bws
PUT	/api/projects/{id}	sdk:projects_api	bws
GET	/api/projects/{id}	sdk:projects_api	bws
GET	/api/projects/{id}/access-policies/people	sdk:access_policies_api	bws
PUT	/api/projects/{id}/access-policies/people	sdk:access_policies_api	bws
GET	/api/projects/{id}/access-policies/service-accounts	sdk:access_policies_api	bws
PUT	/api/projects/{id}/access-policies/service-accounts	sdk:access_policies_api	bws
GET	/api/projects/{id}/secrets	sdk:secrets_api	bws
GET	/api/projects/{id}/sm-counts	sdk:counts_api	bws
DELETE	/api/providers/{id}	sdk:providers_api
PUT	/api/providers/{id}	sdk:providers_api
GET	/api/providers/{id}	sdk:providers_api
GET	/api/providers/{id}/billing/invoices	sdk:provider_billing_api
GET	/api/providers/{id}/billing/invoices/{id}	sdk:provider_billing_api
GET	/api/providers/{id}/billing/subscription	sdk:provider_billing_api
PUT	/api/providers/{id}/billing/vnext/address	sdk:provider_billing_v_next_api
GET	/api/providers/{id}/billing/vnext/address	sdk:provider_billing_v_next_api
GET	/api/providers/{id}/billing/vnext/credit	sdk:provider_billing_v_next_api
POST	/api/providers/{id}/billing/vnext/credit/bitpay	sdk:provider_billing_v_next_api
GET	/api/providers/{id}/billing/vnext/payment-method	sdk:provider_billing_v_next_api
PUT	/api/providers/{id}/billing/vnext/payment-method	sdk:provider_billing_v_next_api
GET	/api/providers/{id}/billing/vnext/warnings	sdk:provider_billing_v_next_api
POST	/api/providers/{id}/clients	sdk:provider_clients_api
GET	/api/providers/{id}/clients/addable	sdk:provider_clients_api
POST	/api/providers/{id}/clients/existing	sdk:provider_clients_api
PUT	/api/providers/{id}/clients/{id}	sdk:provider_clients_api
POST	/api/providers/{id}/delete-recover-token	sdk:providers_api
GET	/api/providers/{id}/events	sdk:events_api
POST	/api/providers/{id}/organizations	sdk:provider_organizations_api
GET	/api/providers/{id}/organizations	sdk:provider_organizations_api
POST	/api/providers/{id}/organizations/add	sdk:provider_organizations_api
DELETE	/api/providers/{id}/organizations/{id}	sdk:provider_organizations_api
POST	/api/providers/{id}/setup	sdk:providers_api
DELETE	/api/providers/{id}/users	sdk:provider_users_api
GET	/api/providers/{id}/users	sdk:provider_users_api
POST	/api/providers/{id}/users/confirm	sdk:provider_users_api
POST	/api/providers/{id}/users/invite	sdk:provider_users_api
POST	/api/providers/{id}/users/public-keys	sdk:provider_users_api
POST	/api/providers/{id}/users/reinvite	sdk:provider_users_api
GET	/api/providers/{id}/users/{id}	sdk:provider_users_api
DELETE	/api/providers/{id}/users/{id}	sdk:provider_users_api
PUT	/api/providers/{id}/users/{id}	sdk:provider_users_api
POST	/api/providers/{id}/users/{id}/accept	sdk:provider_users_api
POST	/api/providers/{id}/users/{id}/confirm	sdk:provider_users_api
GET	/api/providers/{id}/users/{id}/events	sdk:events_api
POST	/api/providers/{id}/users/{id}/reinvite	sdk:provider_users_api
PUT	/api/push/add-organization	sdk:push_api
POST	/api/push/delete	sdk:push_api
PUT	/api/push/delete-organization	sdk:push_api
POST	/api/push/register	sdk:push_api
POST	/api/push/send	sdk:push_api
GET	/api/reports/member-access/{id}	sdk:reports_api
GET	/api/reports/member-cipher-details/{id}	sdk:reports_api
POST	/api/reports/organizations/file/validate/azure	sdk:organization_reports_api
POST	/api/reports/organizations/{id}	sdk:organization_reports_api
PATCH	/api/reports/organizations/{id}/data/application/{id}	sdk:organization_reports_api
GET	/api/reports/organizations/{id}/data/application/{id}	sdk:organization_reports_api
GET	/api/reports/organizations/{id}/data/summary	sdk:organization_reports_api
GET	/api/reports/organizations/{id}/data/summary/{id}	sdk:organization_reports_api
PATCH	/api/reports/organizations/{id}/data/summary/{id}	sdk:organization_reports_api
GET	/api/reports/organizations/{id}/latest	sdk:organization_reports_api
DELETE	/api/reports/organizations/{id}/{id}	sdk:organization_reports_api
GET	/api/reports/organizations/{id}/{id}	sdk:organization_reports_api
PATCH	/api/reports/organizations/{id}/{id}	sdk:organization_reports_api
POST	/api/reports/organizations/{id}/{id}/file	sdk:organization_reports_api
GET	/api/reports/organizations/{id}/{id}/file/download	sdk:organization_reports_api
GET	/api/reports/organizations/{id}/{id}/file/renew	sdk:organization_reports_api
GET	/api/reports/passkey-directory	sdk:reports_api
DELETE	/api/reports/password-health-report-application	sdk:reports_api
POST	/api/reports/password-health-report-applications	sdk:reports_api
GET	/api/reports/password-health-report-applications/{id}	sdk:reports_api
POST	/api/request-access/request-sm-access	sdk:request_sm_access_api
POST	/api/secret-versions/delete	sdk:secret_versions_api
POST	/api/secret-versions/get-by-ids	sdk:secret_versions_api
GET	/api/secret-versions/{id}	sdk:secret_versions_api
POST	/api/secrets/delete	sdk:secrets_api	bws
POST	/api/secrets/get-by-ids	sdk:secrets_api	bws
GET	/api/secrets/{id}	sdk:secrets_api	bws
PUT	/api/secrets/{id}	sdk:secrets_api	bws
GET	/api/secrets/{id}/access-policies	sdk:access_policies_api	bws
GET	/api/secrets/{id}/trash	sdk:trash_api	bws
POST	/api/secrets/{id}/trash/empty	sdk:trash_api	bws
POST	/api/secrets/{id}/trash/restore	sdk:trash_api	bws
GET	/api/secrets/{id}/versions	sdk:secret_versions_api	bws
PUT	/api/secrets/{id}/versions/restore	sdk:secret_versions_api	bws
GET	/api/sends	sdk:sends_api
POST	/api/sends	sdk:sends_api
POST	/api/sends/access	sdk:sends_api
POST	/api/sends/access/file/{id}	sdk:sends_api
POST	/api/sends/file/v2	sdk:sends_api
POST	/api/sends/file/validate/azure	sdk:sends_api
DELETE	/api/sends/{id}	sdk:sends_api
PUT	/api/sends/{id}	sdk:sends_api
GET	/api/sends/{id}	sdk:sends_api
POST	/api/sends/{id}/file/{id}	sdk:sends_api
GET	/api/sends/{id}/file/{id}	sdk:sends_api
PUT	/api/sends/{id}/remove-auth	sdk:sends_api
PUT	/api/sends/{id}/remove-password	sdk:sends_api
POST	/api/service-accounts/delete	sdk:service_accounts_api	bws
PUT	/api/service-accounts/{id}	sdk:service_accounts_api	bws
GET	/api/service-accounts/{id}	sdk:service_accounts_api	bws
PUT	/api/service-accounts/{id}/access-policies/people	sdk:access_policies_api	bws
GET	/api/service-accounts/{id}/access-policies/people	sdk:access_policies_api	bws
GET	/api/service-accounts/{id}/access-tokens	sdk:service_accounts_api	bws
POST	/api/service-accounts/{id}/access-tokens	sdk:service_accounts_api	bws
POST	/api/service-accounts/{id}/access-tokens/revoke	sdk:service_accounts_api	bws
PUT	/api/service-accounts/{id}/granted-policies	sdk:access_policies_api	bws
GET	/api/service-accounts/{id}/granted-policies	sdk:access_policies_api	bws
GET	/api/service-accounts/{id}/sm-counts	sdk:counts_api	bws
PUT	/api/settings/domains	sdk:settings_api
GET	/api/settings/domains	sdk:settings_api
POST	/api/setup-intent/bank-account	sdk:stripe_api
POST	/api/setup-intent/card	sdk:stripe_api
GET	/api/sm/events/service-accounts/{id}	sdk:secrets_manager_events_api
GET	/api/sm/{id}/export	sdk:secrets_manager_porting_api
POST	/api/sm/{id}/import	sdk:secrets_manager_porting_api
GET	/api/sso-cookie-vendor	sdk:sso_cookie_vendor_api
GET	/api/sync	sdk:sync_api
GET	/api/tasks	sdk:security_task_api
GET	/api/tasks/organization	sdk:security_task_api
POST	/api/tasks/{id}/bulk-create	sdk:security_task_api
PATCH	/api/tasks/{id}/complete	sdk:security_task_api
GET	/api/tasks/{id}/metrics	sdk:security_task_api
GET	/api/tax/is-country-supported	sdk:stripe_api
GET	/api/two-factor	sdk:two_factor_api
DELETE	/api/two-factor/authenticator	sdk:two_factor_api
PUT	/api/two-factor/authenticator	sdk:two_factor_api
PUT	/api/two-factor/duo	sdk:two_factor_api
DELETE	/api/two-factor/duo	sdk:two_factor_api
DELETE	/api/two-factor/email	sdk:two_factor_api
PUT	/api/two-factor/email	sdk:two_factor_api
POST	/api/two-factor/get-authenticator	sdk:two_factor_api
POST	/api/two-factor/get-duo	sdk:two_factor_api
POST	/api/two-factor/get-email	sdk:two_factor_api
POST	/api/two-factor/get-recover	sdk:two_factor_api
POST	/api/two-factor/get-webauthn	sdk:two_factor_api
POST	/api/two-factor/get-yubikey	sdk:two_factor_api
POST	/api/two-factor/send-email	sdk:two_factor_api
POST	/api/two-factor/send-email-login	sdk:two_factor_api
PUT	/api/two-factor/webauthn	sdk:two_factor_api
DELETE	/api/two-factor/webauthn	sdk:two_factor_api
DELETE	/api/two-factor/webauthn/all	sdk:two_factor_api
PUT	/api/two-factor/yubikey	sdk:two_factor_api
DELETE	/api/two-factor/yubikey	sdk:two_factor_api
GET	/api/users/{id}/keys	sdk:users_api
GET	/api/users/{id}/public-key	sdk:users_api
POST	/api/webauthn	sdk:web_authn_api
GET	/api/webauthn	sdk:web_authn_api
PUT	/api/webauthn	sdk:web_authn_api
POST	/api/webauthn/assertion-options	sdk:web_authn_api
POST	/api/webauthn/attestation-options	sdk:web_authn_api
POST	/api/webauthn/{id}/delete	sdk:web_authn_api
POST	/identity/accounts/prelogin/password	sdk:accounts_api
POST	/identity/accounts/register/finish	sdk:accounts_api
POST	/identity/accounts/register/send-verification-email	sdk:accounts_api
POST	/identity/accounts/register/verification-email-clicked	sdk:accounts_api
POST	/identity/accounts/trial/send-verification-email	sdk:accounts_api
GET	/identity/accounts/webauthn/assertion-options	sdk:accounts_api
GET	/identity/alive	sdk:info_api
GET	/identity/sso/ExternalCallback	sdk:sso_api
GET	/identity/sso/ExternalChallenge	sdk:sso_api
GET	/identity/sso/Login	sdk:sso_api
GET	/identity/sso/PreValidate	sdk:sso_api
