GET	/api/account/billing/subscription/preview	apps/web/src/app/billing/clients/subscription-preview.client.ts
POST	/api/account/billing/subscriptions/organizations/invoice/preview	apps/web/src/app/billing/clients/invoice-preview.client.ts
POST	/api/account/billing/subscriptions/premium/invoice/preview	apps/web/src/app/billing/clients/invoice-preview.client.ts
POST	/api/account/billing/subscriptions/premium/upgrade/invoice/preview	apps/web/src/app/billing/clients/invoice-preview.client.ts
GET	/api/account/billing/vnext/address	apps/web/src/app/billing/clients/subscriber-billing.client.ts
PUT	/api/account/billing/vnext/address	apps/web/src/app/billing/clients/subscriber-billing.client.ts
GET	/api/account/billing/vnext/credit	apps/web/src/app/billing/clients/subscriber-billing.client.ts
POST	/api/account/billing/vnext/credit/bitpay	apps/web/src/app/billing/clients/subscriber-billing.client.ts
GET	/api/account/billing/vnext/discounts	apps/web/src/app/billing/clients/account-billing.client.ts
GET	/api/account/billing/vnext/license	apps/web/src/app/billing/clients/account-billing.client.ts
GET	/api/account/billing/vnext/payment-method	apps/web/src/app/billing/clients/subscriber-billing.client.ts
PUT	/api/account/billing/vnext/payment-method	apps/web/src/app/billing/clients/subscriber-billing.client.ts
POST	/api/account/billing/vnext/payment-method/verify-bank-account	apps/web/src/app/billing/clients/subscriber-billing.client.ts
POST	/api/account/billing/vnext/premium/checkout	libs/common/src/billing/services/billing-api.service.ts
GET	/api/account/billing/vnext/subscription	apps/web/src/app/billing/clients/account-billing.client.ts
POST	/api/account/billing/vnext/subscription	apps/web/src/app/billing/clients/account-billing.client.ts
POST	/api/account/billing/vnext/subscription/reinstate	apps/web/src/app/billing/clients/account-billing.client.ts
POST	/api/account/billing/vnext/subscription/restart	apps/web/src/app/billing/clients/subscriber-billing.client.ts
PUT	/api/account/billing/vnext/subscription/storage	apps/web/src/app/billing/clients/account-billing.client.ts
POST	/api/account/billing/vnext/upgrade	apps/web/src/app/billing/clients/account-billing.client.ts
DELETE	/api/accounts	libs/common/src/auth/services/account-api.service.ts
POST	/api/accounts/api-key	libs/common/src/services/api.service.ts
PUT	/api/accounts/avatar	libs/common/src/services/api.service.ts
GET	/api/accounts/billing/history	libs/common/src/services/api.service.ts
GET	/api/accounts/billing/invoices	libs/common/src/billing/services/account/account-billing-api.service.ts
GET	/api/accounts/billing/transactions	libs/common/src/billing/services/account/account-billing-api.service.ts
POST	/api/accounts/cancel	libs/common/src/billing/services/billing-api.service.ts
POST	/api/accounts/convert-to-key-connector	libs/common/src/services/api.service.ts
POST	/api/accounts/delete-recover	libs/common/src/services/api.service.ts
POST	/api/accounts/delete-recover-token	libs/common/src/services/api.service.ts
POST	/api/accounts/email	libs/common/src/auth/services/change-email/default-change-email.service.ts
POST	/api/accounts/email-token	libs/common/src/auth/services/change-email/default-change-email.service.ts
GET	/api/accounts/key-connector/confirmation-details/{orgId}	libs/common/src/key-management/key-connector/services/default-key-connector-api.service.ts
POST	/api/accounts/key-management/rotate-user-account-keys	apps/web/src/app/key-management/key-rotation/user-key-rotation-api.service.ts
POST	/api/accounts/keys	libs/common/src/services/api.service.ts
POST	/api/accounts/license	libs/common/src/services/api.service.ts
POST	/api/accounts/password	libs/common/src/auth/services/master-password/master-password-api.service.implementation.ts
POST	/api/accounts/password-hint	libs/common/src/services/api.service.ts
POST	/api/accounts/premium	libs/common/src/services/api.service.ts
GET	/api/accounts/profile	libs/common/src/services/api.service.ts
PUT	/api/accounts/profile	libs/common/src/services/api.service.ts
POST	/api/accounts/request-otp	libs/common/src/auth/services/user-verification/user-verification-api.service.ts
POST	/api/accounts/resend-new-device-otp	libs/auth/src/angular/new-device-verification/new-device-verification.component.ts
GET	/api/accounts/revision-date	libs/common/src/services/api.service.ts
POST	/api/accounts/rotate-api-key	libs/common/src/services/api.service.ts
POST	/api/accounts/security-stamp	libs/common/src/services/api.service.ts
POST	/api/accounts/set-key-connector-key	libs/common/src/services/api.service.ts
POST	/api/accounts/set-password	libs/common/src/auth/services/master-password/master-password-api.service.implementation.ts
DELETE	/api/accounts/sso/{orgId}	libs/common/src/services/api.service.ts
GET	/api/accounts/sso/user-identifier	libs/common/src/services/api.service.ts
GET	/api/accounts/subscription	libs/common/src/services/api.service.ts
PUT	/api/accounts/update-tde-offboarding-password	libs/common/src/auth/services/master-password/master-password-api.service.implementation.ts
PUT	/api/accounts/update-temp-password	libs/common/src/auth/services/master-password/master-password-api.service.implementation.ts
POST	/api/accounts/verify-devices	libs/common/src/auth/services/account-api.service.ts
POST	/api/accounts/verify-email	libs/common/src/services/api.service.ts
POST	/api/accounts/verify-email-token	libs/common/src/services/api.service.ts
POST	/api/accounts/verify-otp	libs/common/src/auth/services/user-verification/user-verification-api.service.ts
POST	/api/accounts/verify-password	libs/common/src/auth/services/user-verification/user-verification-api.service.ts
GET	/api/auth-requests	libs/common/src/services/api.service.ts
POST	/api/auth-requests/	libs/auth/src/common/services/auth-request/auth-request-api.service.ts
POST	/api/auth-requests/admin-request	libs/auth/src/common/services/auth-request/auth-request-api.service.ts
GET	/api/auth-requests/{id}	libs/common/src/services/api.service.ts
PUT	/api/auth-requests/{id}	libs/common/src/services/api.service.ts
GET	/api/auth-requests/{id}/response	libs/auth/src/common/services/auth-request/auth-request-api.service.ts
GET	/api/auth-requests/pending	libs/auth/src/common/services/auth-request/auth-request-api.service.ts
POST	/api/billing/preview-invoice/organizations/{orgId}/subscription/plan-change	apps/web/src/app/billing/clients/preview-invoice.client.ts
POST	/api/billing/preview-invoice/organizations/{orgId}/subscription/update	apps/web/src/app/billing/clients/preview-invoice.client.ts
POST	/api/billing/preview-invoice/organizations/subscriptions/purchase	apps/web/src/app/billing/clients/preview-invoice.client.ts
POST	/api/billing/preview-invoice/premium/subscriptions/purchase	apps/web/src/app/billing/clients/preview-invoice.client.ts
POST	/api/billing/preview-invoice/premium/subscriptions/upgrade	apps/web/src/app/billing/clients/preview-invoice.client.ts
POST	/api/bitpay-invoice	libs/common/src/services/api.service.ts
DELETE	/api/ciphers	libs/common/src/services/api.service.ts
POST	/api/ciphers	libs/common/src/services/api.service.ts
DELETE	/api/ciphers/admin	libs/common/src/services/api.service.ts
POST	/api/ciphers/admin	libs/common/src/services/api.service.ts
PUT	/api/ciphers/archive	libs/common/src/vault/services/default-cipher-archive.service.ts
POST	/api/ciphers/bulk-collections	libs/common/src/vault/services/cipher.service.ts
POST	/api/ciphers/create	libs/common/src/services/api.service.ts
PUT	/api/ciphers/delete	libs/common/src/services/api.service.ts
PUT	/api/ciphers/delete-admin	libs/common/src/services/api.service.ts
DELETE	/api/ciphers/{id}	libs/common/src/services/api.service.ts
GET	/api/ciphers/{id}	libs/common/src/services/api.service.ts
PUT	/api/ciphers/{id}	libs/common/src/services/api.service.ts
DELETE	/api/ciphers/{id}/admin	libs/common/src/services/api.service.ts
GET	/api/ciphers/{id}/admin	libs/common/src/services/api.service.ts
PUT	/api/ciphers/{id}/admin	libs/common/src/services/api.service.ts
DELETE	/api/ciphers/{id}/attachment/{attachmentId}	libs/common/src/services/api.service.ts
GET	/api/ciphers/{id}/attachment/{attachmentId}	libs/common/src/services/api.service.ts
POST	/api/ciphers/{id}/attachment/{attachmentId}	libs/common/src/services/api.service.ts
DELETE	/api/ciphers/{id}/attachment/{attachmentId}/admin	libs/common/src/services/api.service.ts
GET	/api/ciphers/{id}/attachment/{attachmentId}/admin	libs/common/src/services/api.service.ts
GET	/api/ciphers/{id}/attachment/{attachmentId}/renew	libs/common/src/services/api.service.ts
POST	/api/ciphers/{id}/attachment/{attachmentId}/share	libs/common/src/services/api.service.ts
POST	/api/ciphers/{id}/attachment/v2	libs/common/src/services/api.service.ts
PUT	/api/ciphers/{id}/collections-admin	libs/common/src/services/api.service.ts
PUT	/api/ciphers/{id}/collections_v2	libs/common/src/services/api.service.ts
PUT	/api/ciphers/{id}/delete	libs/common/src/services/api.service.ts
PUT	/api/ciphers/{id}/delete-admin	libs/common/src/services/api.service.ts
GET	/api/ciphers/{id}/details	libs/common/src/services/api.service.ts
GET	/api/ciphers/{id}/events	libs/common/src/services/api.service.ts
PUT	/api/ciphers/{id}/partial	libs/common/src/services/api.service.ts
PUT	/api/ciphers/{id}/restore	libs/common/src/services/api.service.ts
PUT	/api/ciphers/{id}/restore-admin	libs/common/src/services/api.service.ts
PUT	/api/ciphers/{id}/share	libs/common/src/services/api.service.ts
POST	/api/ciphers/import	libs/importer/src/services/import-api.service.ts
POST	/api/ciphers/import-organization	libs/importer/src/services/import-api.service.ts
PUT	/api/ciphers/move	libs/common/src/services/api.service.ts
GET	/api/ciphers/organization-details	libs/common/src/services/api.service.ts
GET	/api/ciphers/organization-details/assigned	libs/common/src/vault/services/cipher.service.ts
POST	/api/ciphers/purge	libs/common/src/services/api.service.ts
PUT	/api/ciphers/restore	libs/common/src/services/api.service.ts
PUT	/api/ciphers/restore-admin	libs/common/src/services/api.service.ts
PUT	/api/ciphers/share	libs/common/src/services/api.service.ts
PUT	/api/ciphers/unarchive	libs/common/src/vault/services/default-cipher-archive.service.ts
GET	/api/cloudwarden/admin/diagnostics	apps/web/src/app/cloudwarden/instance-admin/instance-admin-api.service.ts
GET	/api/cloudwarden/admin/invitations	apps/web/src/app/cloudwarden/instance-admin/instance-admin-api.service.ts
POST	/api/cloudwarden/admin/invitations	apps/web/src/app/cloudwarden/instance-admin/instance-admin-api.service.ts
DELETE	/api/cloudwarden/admin/invitations/{email}	apps/web/src/app/cloudwarden/instance-admin/instance-admin-api.service.ts
GET	/api/cloudwarden/admin/organizations	apps/web/src/app/cloudwarden/instance-admin/instance-admin-api.service.ts
DELETE	/api/cloudwarden/admin/organizations/{id}	apps/web/src/app/cloudwarden/instance-admin/instance-admin-api.service.ts
GET	/api/cloudwarden/admin/overview	apps/web/src/app/cloudwarden/instance-admin/instance-admin-api.service.ts
GET	/api/cloudwarden/admin/users	apps/web/src/app/cloudwarden/instance-admin/instance-admin-api.service.ts
DELETE	/api/cloudwarden/admin/users/{id}	apps/web/src/app/cloudwarden/instance-admin/instance-admin-api.service.ts
POST	/api/cloudwarden/admin/users/{id}/{action}	apps/web/src/app/cloudwarden/instance-admin/instance-admin-api.service.ts
GET	/api/cloudwarden/me	apps/web/src/app/cloudwarden/instance-admin/instance-admin-api.service.ts
GET	/api/collections	libs/common/src/services/api.service.ts
GET	/api/config	libs/common/src/platform/services/config/config-api.service.ts
GET	/api/devices	libs/common/src/auth/services/devices-api.service.implementation.ts
POST	/api/devices/{deviceId}/deactivate	libs/common/src/auth/services/devices-api.service.implementation.ts
PUT	/api/devices/{deviceIdentifier}/keys	libs/common/src/auth/services/devices-api.service.implementation.ts
POST	/api/devices/{deviceIdentifier}/retrieve-keys	libs/common/src/auth/services/devices-api.service.implementation.ts
GET	/api/devices/identifier/{deviceIdentifier}	libs/common/src/auth/services/devices-api.service.implementation.ts
POST	/api/devices/identifier/{getAppId}/web-push-auth	libs/common/src/platform/server-notifications/internal/web-push-notifications-api.service.ts
GET	/api/devices/knowndevice	libs/common/src/auth/services/devices-api.service.implementation.ts
POST	/api/devices/lost-trust	libs/common/src/auth/services/devices-api.service.implementation.ts
POST	/api/devices/untrust	libs/common/src/auth/services/devices-api.service.implementation.ts
POST	/api/devices/update-trust	libs/common/src/auth/services/devices-api.service.implementation.ts
GET	/api/emergency-access/granted	apps/web/src/app/auth/emergency-access/services/emergency-access-api.service.ts
DELETE	/api/emergency-access/{id}	apps/web/src/app/auth/emergency-access/services/emergency-access-api.service.ts
GET	/api/emergency-access/{id}	apps/web/src/app/auth/emergency-access/services/emergency-access-api.service.ts
PUT	/api/emergency-access/{id}	apps/web/src/app/auth/emergency-access/services/emergency-access-api.service.ts
POST	/api/emergency-access/{id}/accept	apps/web/src/app/auth/emergency-access/services/emergency-access-api.service.ts
POST	/api/emergency-access/{id}/approve	apps/web/src/app/auth/emergency-access/services/emergency-access-api.service.ts
GET	/api/emergency-access/{id}/{cipherId}/attachment/{attachmentId}	libs/common/src/services/api.service.ts
POST	/api/emergency-access/{id}/confirm	apps/web/src/app/auth/emergency-access/services/emergency-access-api.service.ts
POST	/api/emergency-access/{id}/initiate	apps/web/src/app/auth/emergency-access/services/emergency-access-api.service.ts
POST	/api/emergency-access/{id}/password	apps/web/src/app/auth/emergency-access/services/emergency-access-api.service.ts
GET	/api/emergency-access/{id}/policies	apps/web/src/app/auth/emergency-access/services/emergency-access-api.service.ts
POST	/api/emergency-access/{id}/reinvite	apps/web/src/app/auth/emergency-access/services/emergency-access-api.service.ts
POST	/api/emergency-access/{id}/reject	apps/web/src/app/auth/emergency-access/services/emergency-access-api.service.ts
POST	/api/emergency-access/{id}/takeover	apps/web/src/app/auth/emergency-access/services/emergency-access-api.service.ts
POST	/api/emergency-access/{id}/view	apps/web/src/app/auth/emergency-access/services/emergency-access-api.service.ts
POST	/api/emergency-access/invite	apps/web/src/app/auth/emergency-access/services/emergency-access-api.service.ts
GET	/api/emergency-access/trusted	apps/web/src/app/auth/emergency-access/services/emergency-access-api.service.ts
GET	/api/events	libs/common/src/services/api.service.ts
DELETE	/api/folders	libs/common/src/vault/services/folder/folder-api.service.ts
POST	/api/folders	libs/common/src/vault/services/folder/folder-api.service.ts
DELETE	/api/folders/all	libs/common/src/vault/services/folder/folder-api.service.ts
DELETE	/api/folders/{id}	libs/common/src/vault/services/folder/folder-api.service.ts
GET	/api/folders/{id}	libs/common/src/vault/services/folder/folder-api.service.ts
PUT	/api/folders/{id}	libs/common/src/vault/services/folder/folder-api.service.ts
GET	/api/hibp/breach	libs/common/src/dirt/services/hibp-api.service.ts
GET	/api/notifications	libs/common/src/vault/notifications/services/default-end-user-notification.service.ts
DELETE	/api/notifications/{notificationId}/delete	libs/common/src/vault/notifications/services/default-end-user-notification.service.ts
PATCH	/api/notifications/{notificationId}/read	libs/common/src/vault/notifications/services/default-end-user-notification.service.ts
GET	/api/organization/{orgId}/projects/{id}/events	libs/common/src/services/api.service.ts
GET	/api/organization/{orgId}/secrets/{id}/events	libs/common/src/services/api.service.ts
GET	/api/organization/{orgId}/service-account/{id}/events	libs/common/src/services/api.service.ts
POST	/api/organizations	libs/common/src/admin-console/services/organization/organization-api.service.ts
POST	/api/organizations/connections/	libs/common/src/services/api.service.ts
GET	/api/organizations/connections/enabled	libs/common/src/services/api.service.ts
DELETE	/api/organizations/connections/{id}	libs/common/src/services/api.service.ts
GET	/api/organizations/connections/{id}/{type}	libs/common/src/services/api.service.ts
PUT	/api/organizations/connections/{orgId}	libs/common/src/services/api.service.ts
POST	/api/organizations/create-without-payment	libs/common/src/admin-console/services/organization/organization-api.service.ts
POST	/api/organizations/domain/sso/verified	libs/common/src/admin-console/services/organization-domain/org-domain-api.service.ts
DELETE	/api/organizations/{id}	libs/common/src/admin-console/services/organization/organization-api.service.ts
GET	/api/organizations/{id}	libs/common/src/admin-console/services/organization/organization-api.service.ts
PUT	/api/organizations/{id}	libs/common/src/admin-console/services/organization/organization-api.service.ts
POST	/api/organizations/{id}/api-key	libs/common/src/admin-console/services/organization/organization-api.service.ts
GET	/api/organizations/{id}/api-key-information	libs/common/src/admin-console/services/organization/organization-api.service.ts
GET	/api/organizations/{id}/api-key-information/{type}	libs/common/src/admin-console/services/organization/organization-api.service.ts
GET	/api/organizations/{id}/billing	libs/common/src/admin-console/services/organization/organization-api.service.ts
GET	/api/organizations/{id}/billing/history	libs/common/src/admin-console/services/organization/organization-api.service.ts
GET	/api/organizations/{id}/billing/invoices	libs/common/src/billing/services/organization/organization-billing-api.service.ts
POST	/api/organizations/{id}/billing/setup-business-unit	libs/common/src/billing/services/organization/organization-billing-api.service.ts
GET	/api/organizations/{id}/billing/transactions	libs/common/src/billing/services/organization/organization-billing-api.service.ts
PUT	/api/organizations/{id}/collection-management	libs/common/src/admin-console/services/organization/organization-api.service.ts
GET	/api/organizations/{identifier}/auto-enroll-status	libs/common/src/admin-console/services/organization/organization-api.service.ts
GET	/api/organizations/{id}/keys	libs/common/src/admin-console/services/organization/organization-api.service.ts
POST	/api/organizations/{id}/keys	libs/common/src/admin-console/services/organization/organization-api.service.ts
POST	/api/organizations/{id}/leave	libs/common/src/admin-console/services/organization/organization-api.service.ts
GET	/api/organizations/{id}/license	libs/common/src/admin-console/services/organization/organization-api.service.ts
POST	/api/organizations/{id}/reinstate	libs/common/src/admin-console/services/organization/organization-api.service.ts
POST	/api/organizations/{id}/rotate-api-key	libs/common/src/admin-console/services/organization/organization-api.service.ts
POST	/api/organizations/{id}/seat	libs/common/src/admin-console/services/organization/organization-api.service.ts
POST	/api/organizations/{id}/sm-subscription	libs/common/src/admin-console/services/organization/organization-api.service.ts
GET	/api/organizations/{id}/sso	libs/common/src/admin-console/services/organization/organization-api.service.ts
POST	/api/organizations/{id}/sso	libs/common/src/admin-console/services/organization/organization-api.service.ts
POST	/api/organizations/{id}/storage	libs/common/src/admin-console/services/organization/organization-api.service.ts
POST	/api/organizations/{id}/subscribe-secrets-manager	libs/common/src/admin-console/services/organization/organization-api.service.ts
GET	/api/organizations/{id}/subscription	libs/common/src/admin-console/services/organization/organization-api.service.ts
POST	/api/organizations/{id}/subscription	libs/common/src/admin-console/services/organization/organization-api.service.ts
POST	/api/organizations/{id}/upgrade	libs/common/src/admin-console/services/organization/organization-api.service.ts
POST	/api/organizations/invite-link/policies	libs/common/src/admin-console/services/policy/policy-api.service.ts
POST	/api/organizations/invite-link/status	libs/organization-invite-link/src/services/default-organization-invite-link-api.service.ts
POST	/api/organizations/invite-link/validate-email-domain	libs/organization-invite-link/src/services/default-organization-invite-link-api.service.ts
POST	/api/organizations/licenses/self-hosted	libs/common/src/admin-console/services/organization/organization-api.service.ts
POST	/api/organizations/licenses/self-hosted/{id}	libs/common/src/admin-console/services/organization/organization-api.service.ts
POST	/api/organizations/licenses/self-hosted/{id}/sync/	libs/common/src/admin-console/services/organization/organization-api.service.ts
GET	/api/organizations/{orgId}/access-policies/people/potential-grantees	apps/web/src/app/cloudwarden/secrets-manager/sm-api.service.ts
POST	/api/organizations/{orgId}/billing/change-frequency	libs/common/src/billing/services/organization/organization-billing-api.service.ts
POST	/api/organizations/{orgId}/billing/restart-subscription	libs/common/src/billing/services/billing-api.service.ts
POST	/api/organizations/{orgId}/billing/subscription/plan-change/invoice/preview	apps/web/src/app/billing/clients/invoice-preview.client.ts
GET	/api/organizations/{orgId}/billing/subscription/preview	apps/web/src/app/billing/clients/subscription-preview.client.ts
GET	/api/organizations/{orgId}/billing/vnext/address	apps/web/src/app/billing/clients/subscriber-billing.client.ts
PUT	/api/organizations/{orgId}/billing/vnext/address	apps/web/src/app/billing/clients/subscriber-billing.client.ts
GET	/api/organizations/{orgId}/billing/vnext/annual-upgrade-offer	apps/web/src/app/billing/clients/organization-billing.client.ts
POST	/api/organizations/{orgId}/billing/vnext/annual-upgrade-offer/redeem	apps/web/src/app/billing/clients/organization-billing.client.ts
GET	/api/organizations/{orgId}/billing/vnext/churn-mitigation-offer	apps/web/src/app/billing/clients/organization-billing.client.ts
POST	/api/organizations/{orgId}/billing/vnext/churn-mitigation-offer/redeem	apps/web/src/app/billing/clients/organization-billing.client.ts
GET	/api/organizations/{orgId}/billing/vnext/credit	apps/web/src/app/billing/clients/subscriber-billing.client.ts
POST	/api/organizations/{orgId}/billing/vnext/credit/bitpay	apps/web/src/app/billing/clients/subscriber-billing.client.ts
GET	/api/organizations/{orgId}/billing/vnext/metadata	libs/common/src/billing/services/billing-api.service.ts
GET	/api/organizations/{orgId}/billing/vnext/payment-method	apps/web/src/app/billing/clients/subscriber-billing.client.ts
PUT	/api/organizations/{orgId}/billing/vnext/payment-method	apps/web/src/app/billing/clients/subscriber-billing.client.ts
POST	/api/organizations/{orgId}/billing/vnext/payment-method/verify-bank-account	apps/web/src/app/billing/clients/subscriber-billing.client.ts
GET	/api/organizations/{orgId}/billing/vnext/self-host/metadata	libs/common/src/billing/services/billing-api.service.ts
POST	/api/organizations/{orgId}/billing/vnext/subscription/restart	apps/web/src/app/billing/clients/subscriber-billing.client.ts
GET	/api/organizations/{orgId}/billing/vnext/warnings	apps/web/src/app/billing/clients/organization-billing.client.ts
POST	/api/organizations/{orgId}/cancel	libs/common/src/billing/services/billing-api.service.ts
DELETE	/api/organizations/{orgId}/collections	libs/common/src/services/api.service.ts
GET	/api/organizations/{orgId}/collections	libs/common/src/services/api.service.ts
POST	/api/organizations/{orgId}/collections	libs/common/src/services/api.service.ts
POST	/api/organizations/{orgId}/collections/bulk-access	libs/admin-console/src/common/collections/services/default-collection-admin.service.ts
GET	/api/organizations/{orgId}/collections/details	libs/common/src/services/api.service.ts
DELETE	/api/organizations/{orgId}/collections/{id}	libs/common/src/services/api.service.ts
PUT	/api/organizations/{orgId}/collections/{id}	libs/common/src/services/api.service.ts
GET	/api/organizations/{orgId}/collections/{id}/details	libs/common/src/services/api.service.ts
GET	/api/organizations/{orgId}/collections/{id}/users	libs/common/src/services/api.service.ts
POST	/api/organizations/{orgId}/delete-recover-token	libs/common/src/admin-console/services/organization/organization-api.service.ts
GET	/api/organizations/{orgId}/domain	libs/common/src/admin-console/services/organization-domain/org-domain-api.service.ts
POST	/api/organizations/{orgId}/domain	libs/common/src/admin-console/services/organization-domain/org-domain-api.service.ts
GET	/api/organizations/{orgId}/domain/mini	libs/common/src/admin-console/services/organization-domain/org-domain-api.service.ts
DELETE	/api/organizations/{orgId}/domain/{orgId}	libs/common/src/admin-console/services/organization-domain/org-domain-api.service.ts
GET	/api/organizations/{orgId}/domain/{orgId}	libs/common/src/admin-console/services/organization-domain/org-domain-api.service.ts
POST	/api/organizations/{orgId}/domain/{orgId}/verify	libs/common/src/admin-console/services/organization-domain/org-domain-api.service.ts
GET	/api/organizations/{orgId}/events	libs/common/src/services/api.service.ts
GET	/api/organizations/{orgId}/export	libs/tools/export-vault-core/src/services/api/default-vault-export-api.service.ts
DELETE	/api/organizations/{orgId}/groups	apps/web/src/app/admin-console/organizations/core/services/group/group-api.service.ts
GET	/api/organizations/{orgId}/groups	apps/web/src/app/admin-console/organizations/core/services/group/group-api.service.ts
POST	/api/organizations/{orgId}/groups	apps/web/src/app/admin-console/organizations/core/services/group/group-api.service.ts
GET	/api/organizations/{orgId}/groups/details	apps/web/src/app/admin-console/organizations/core/services/group/group-api.service.ts
DELETE	/api/organizations/{orgId}/groups/{groupId}	apps/web/src/app/admin-console/organizations/core/services/group/group-api.service.ts
GET	/api/organizations/{orgId}/groups/{groupId}/details	apps/web/src/app/admin-console/organizations/core/services/group/group-api.service.ts
PUT	/api/organizations/{orgId}/groups/{id}	apps/web/src/app/admin-console/organizations/core/services/group/group-api.service.ts
DELETE	/api/organizations/{orgId}/groups/{id}/user/{orgId}	libs/common/src/services/api.service.ts
GET	/api/organizations/{orgId}/groups/{id}/users	libs/common/src/services/api.service.ts
POST	/api/organizations/{orgId}/import	libs/common/src/admin-console/services/organization/organization-api.service.ts
DELETE	/api/organizations/{orgId}/invite-link	libs/organization-invite-link/src/services/default-organization-invite-link-api.service.ts
GET	/api/organizations/{orgId}/invite-link	libs/organization-invite-link/src/services/default-organization-invite-link-api.service.ts
PUT	/api/organizations/{orgId}/invite-link	libs/organization-invite-link/src/services/default-organization-invite-link-api.service.ts
GET	/api/organizations/{orgId}/policies	libs/common/src/admin-console/services/policy/policy-api.service.ts
GET	/api/organizations/{orgId}/policies/master-password	libs/common/src/admin-console/services/policy/policy-api.service.ts
GET	/api/organizations/{orgId}/policies/token	libs/common/src/admin-console/services/policy/policy-api.service.ts
GET	/api/organizations/{orgId}/policies/{type}	libs/common/src/admin-console/services/policy/policy-api.service.ts
PUT	/api/organizations/{orgId}/policies/{type}	libs/common/src/admin-console/services/policy/policy-api.service.ts
GET	/api/organizations/{orgId}/projects	apps/web/src/app/cloudwarden/secrets-manager/sm-api.service.ts
POST	/api/organizations/{orgId}/projects	apps/web/src/app/cloudwarden/secrets-manager/sm-api.service.ts
GET	/api/organizations/{orgId}/secrets	apps/web/src/app/cloudwarden/secrets-manager/sm-api.service.ts
POST	/api/organizations/{orgId}/secrets	apps/web/src/app/cloudwarden/secrets-manager/sm-api.service.ts
GET	/api/organizations/{orgId}/sends/{id}/events	libs/common/src/dirt/event-logs/services/event-log-api.service.ts
GET	/api/organizations/{orgId}/service-accounts	apps/web/src/app/cloudwarden/secrets-manager/sm-api.service.ts
POST	/api/organizations/{orgId}/service-accounts	apps/web/src/app/cloudwarden/secrets-manager/sm-api.service.ts
GET	/api/organizations/{orgId}/two-factor	libs/common/src/auth/two-factor/services/default-two-factor-api.service.ts
DELETE	/api/organizations/{orgId}/two-factor/duo	libs/common/src/auth/two-factor/services/default-two-factor-api.service.ts
PUT	/api/organizations/{orgId}/two-factor/duo	libs/common/src/auth/two-factor/services/default-two-factor-api.service.ts
POST	/api/organizations/{orgId}/two-factor/get-duo	libs/common/src/auth/two-factor/services/default-two-factor-api.service.ts
DELETE	/api/organizations/{orgId}/users	libs/admin-console/src/common/organization-user/services/default-organization-user-api.service.ts
GET	/api/organizations/{orgId}/users	libs/admin-console/src/common/organization-user/services/default-organization-user-api.service.ts
POST	/api/organizations/{orgId}/users/account-recovery-details	libs/admin-console/src/common/organization-user/services/default-organization-user-api.service.ts
POST	/api/organizations/{orgId}/users/bulk-auto-confirm	libs/admin-console/src/common/organization-user/services/default-organization-user-api.service.ts
POST	/api/organizations/{orgId}/users/confirm	libs/admin-console/src/common/organization-user/services/default-organization-user-api.service.ts
DELETE	/api/organizations/{orgId}/users/delete-account	libs/admin-console/src/common/organization-user/services/default-organization-user-api.service.ts
PUT	/api/organizations/{orgId}/users/enable-pam	libs/admin-console/src/common/organization-user/services/default-organization-user-api.service.ts
PUT	/api/organizations/{orgId}/users/enable-secrets-manager	libs/admin-console/src/common/organization-user/services/default-organization-user-api.service.ts
DELETE	/api/organizations/{orgId}/users/{id}	libs/admin-console/src/common/organization-user/services/default-organization-user-api.service.ts
GET	/api/organizations/{orgId}/users/{id}	libs/admin-console/src/common/organization-user/services/default-organization-user-api.service.ts
PUT	/api/organizations/{orgId}/users/{id}	libs/admin-console/src/common/organization-user/services/default-organization-user-api.service.ts
POST	/api/organizations/{orgId}/users/{id}/accept	libs/admin-console/src/common/organization-user/services/default-organization-user-api.service.ts
POST	/api/organizations/{orgId}/users/{id}/accept-init	libs/admin-console/src/common/organization-user/services/default-organization-user-api.service.ts
POST	/api/organizations/{orgId}/users/{id}/auto-confirm	libs/admin-console/src/common/organization-user/services/default-organization-user-api.service.ts
POST	/api/organizations/{orgId}/users/{id}/confirm	libs/admin-console/src/common/organization-user/services/default-organization-user-api.service.ts
DELETE	/api/organizations/{orgId}/users/{id}/delete-account	libs/admin-console/src/common/organization-user/services/default-organization-user-api.service.ts
GET	/api/organizations/{orgId}/users/{id}/events	libs/common/src/services/api.service.ts
PUT	/api/organizations/{orgId}/users/{id}/recover-account	libs/admin-console/src/common/organization-user/services/default-organization-user-api.service.ts
POST	/api/organizations/{orgId}/users/{id}/reinvite	libs/admin-console/src/common/organization-user/services/default-organization-user-api.service.ts
GET	/api/organizations/{orgId}/users/{id}/reset-password-details	libs/admin-console/src/common/organization-user/services/default-organization-user-api.service.ts
PUT	/api/organizations/{orgId}/users/{id}/restore/vnext	libs/admin-console/src/common/organization-user/services/default-organization-user-api.service.ts
PUT	/api/organizations/{orgId}/users/{id}/revoke	libs/admin-console/src/common/organization-user/services/default-organization-user-api.service.ts
POST	/api/organizations/{orgId}/users/invite	libs/admin-console/src/common/organization-user/services/default-organization-user-api.service.ts
GET	/api/organizations/{orgId}/users/mini-details	libs/admin-console/src/common/organization-user/services/default-organization-user-api.service.ts
GET	/api/organizations/{orgId}/users/pending-auto-confirm	libs/admin-console/src/common/organization-user/services/default-organization-user-api.service.ts
POST	/api/organizations/{orgId}/users/public-keys	libs/admin-console/src/common/organization-user/services/default-organization-user-api.service.ts
POST	/api/organizations/{orgId}/users/reinvite	libs/admin-console/src/common/organization-user/services/default-organization-user-api.service.ts
PUT	/api/organizations/{orgId}/users/restore	libs/admin-console/src/common/organization-user/services/default-organization-user-api.service.ts
PUT	/api/organizations/{orgId}/users/revoke	libs/admin-console/src/common/organization-user/services/default-organization-user-api.service.ts
PUT	/api/organizations/{orgId}/users/revoke-self	libs/admin-console/src/common/organization-user/services/default-organization-user-api.service.ts
PUT	/api/organizations/{orgId}/users/{userId}/reset-password-enrollment	libs/admin-console/src/common/organization-user/services/default-organization-user-api.service.ts
DELETE	/api/organization/sponsorship/{orgId}	libs/common/src/billing/services/organization/organization-sponsorship-api.service.ts
POST	/api/organization/sponsorship/{orgId}/families-for-enterprise	libs/common/src/services/api.service.ts
POST	/api/organization/sponsorship/{orgId}/families-for-enterprise/resend	libs/common/src/billing/services/organization/organization-sponsorship-api.service.ts
GET	/api/organization/sponsorship/{orgId}/sponsored	libs/common/src/billing/services/organization/organization-sponsorship-api.service.ts
DELETE	/api/organization/sponsorship/{orgId}/{sponsoredFriendlyName}/revoke	libs/common/src/billing/services/organization/organization-sponsorship-api.service.ts
GET	/api/organization/sponsorship/{orgId}/sync-status	libs/common/src/services/api.service.ts
POST	/api/organization/sponsorship/redeem	libs/common/src/services/api.service.ts
DELETE	/api/organization/sponsorship/self-hosted/{orgId}	libs/common/src/billing/services/organization/organization-sponsorship-api.service.ts
POST	/api/organization/sponsorship/self-hosted/{orgId}/families-for-enterprise	libs/common/src/services/api.service.ts
GET	/api/organization/sponsorship/self-hosted/{orgId}/sponsored	libs/common/src/billing/services/organization/organization-sponsorship-api.service.ts
DELETE	/api/organization/sponsorship/self-hosted/{orgId}/{sponsoredFriendlyName}/revoke	libs/common/src/billing/services/organization/organization-sponsorship-api.service.ts
DELETE	/api/organization/sponsorship/sponsored/{orgId}	libs/common/src/services/api.service.ts
POST	/api/organization/sponsorship/validate-token	libs/common/src/services/api.service.ts
GET	/api/plans	libs/common/src/billing/services/billing-api.service.ts
GET	/api/plans/premium	libs/common/src/billing/services/billing-api.service.ts
POST	/api/projects/delete	apps/web/src/app/cloudwarden/secrets-manager/sm-api.service.ts
GET	/api/projects/{id}	apps/web/src/app/cloudwarden/secrets-manager/sm-api.service.ts
PUT	/api/projects/{id}	apps/web/src/app/cloudwarden/secrets-manager/sm-api.service.ts
GET	/api/projects/{id}/access-policies/people	apps/web/src/app/cloudwarden/secrets-manager/sm-api.service.ts
PUT	/api/projects/{id}/access-policies/people	apps/web/src/app/cloudwarden/secrets-manager/sm-api.service.ts
GET	/api/projects/{projectId}/access-policies/service-accounts	apps/web/src/app/cloudwarden/secrets-manager/sm-api.service.ts
GET	/api/projects/{projectId}/secrets	apps/web/src/app/cloudwarden/secrets-manager/sm-api.service.ts
DELETE	/api/providers/{id}	libs/common/src/admin-console/services/provider/provider-api.service.ts
GET	/api/providers/{id}	libs/common/src/admin-console/services/provider/provider-api.service.ts
PUT	/api/providers/{id}	libs/common/src/admin-console/services/provider/provider-api.service.ts
POST	/api/providers/{id}/setup	libs/common/src/admin-console/services/provider/provider-api.service.ts
GET	/api/providers/{providerId}/billing/invoices	libs/common/src/billing/services/billing-api.service.ts
GET	/api/providers/{providerId}/billing/invoices/{invoiceId}	libs/common/src/billing/services/billing-api.service.ts
GET	/api/providers/{providerId}/billing/subscription	libs/common/src/billing/services/billing-api.service.ts
GET	/api/providers/{providerId}/billing/vnext/address	apps/web/src/app/billing/clients/subscriber-billing.client.ts
PUT	/api/providers/{providerId}/billing/vnext/address	apps/web/src/app/billing/clients/subscriber-billing.client.ts
GET	/api/providers/{providerId}/billing/vnext/credit	apps/web/src/app/billing/clients/subscriber-billing.client.ts
POST	/api/providers/{providerId}/billing/vnext/credit/bitpay	apps/web/src/app/billing/clients/subscriber-billing.client.ts
GET	/api/providers/{providerId}/billing/vnext/payment-method	apps/web/src/app/billing/clients/subscriber-billing.client.ts
PUT	/api/providers/{providerId}/billing/vnext/payment-method	apps/web/src/app/billing/clients/subscriber-billing.client.ts
POST	/api/providers/{providerId}/billing/vnext/payment-method/verify-bank-account	apps/web/src/app/billing/clients/subscriber-billing.client.ts
POST	/api/providers/{providerId}/billing/vnext/subscription/restart	apps/web/src/app/billing/clients/subscriber-billing.client.ts
POST	/api/providers/{providerId}/clients	libs/common/src/admin-console/services/provider/provider-api.service.ts
GET	/api/providers/{providerId}/clients/addable	libs/common/src/admin-console/services/provider/provider-api.service.ts
POST	/api/providers/{providerId}/clients/existing	libs/common/src/admin-console/services/provider/provider-api.service.ts
PUT	/api/providers/{providerId}/clients/{orgId}	libs/common/src/admin-console/services/provider/provider-api.service.ts
POST	/api/providers/{providerId}/delete-recover-token	libs/common/src/admin-console/services/provider/provider-api.service.ts
GET	/api/providers/{providerId}/events	libs/common/src/services/api.service.ts
GET	/api/providers/{providerId}/organizations	libs/common/src/admin-console/services/provider/provider-api.service.ts
POST	/api/providers/{providerId}/organizations	libs/common/src/services/api.service.ts
POST	/api/providers/{providerId}/organizations/add	libs/common/src/services/api.service.ts
DELETE	/api/providers/{providerId}/organizations/{id}	libs/common/src/services/api.service.ts
DELETE	/api/providers/{providerId}/users	libs/common/src/services/api.service.ts
GET	/api/providers/{providerId}/users	libs/common/src/services/api.service.ts
POST	/api/providers/{providerId}/users/confirm	libs/common/src/services/api.service.ts
DELETE	/api/providers/{providerId}/users/{id}	libs/common/src/services/api.service.ts
GET	/api/providers/{providerId}/users/{id}	libs/common/src/services/api.service.ts
PUT	/api/providers/{providerId}/users/{id}	libs/common/src/services/api.service.ts
POST	/api/providers/{providerId}/users/{id}/accept	libs/common/src/services/api.service.ts
POST	/api/providers/{providerId}/users/{id}/confirm	libs/common/src/services/api.service.ts
GET	/api/providers/{providerId}/users/{id}/events	libs/common/src/services/api.service.ts
POST	/api/providers/{providerId}/users/{id}/reinvite	libs/common/src/services/api.service.ts
POST	/api/providers/{providerId}/users/invite	libs/common/src/services/api.service.ts
POST	/api/providers/{providerId}/users/public-keys	libs/common/src/services/api.service.ts
POST	/api/providers/{providerId}/users/reinvite	libs/common/src/services/api.service.ts
GET	/api/reports/passkey-directory	libs/common/src/dirt/services/default-passkey-directory-api.service.ts
POST	/api/request-access/request-sm-access	apps/web/src/app/secrets-manager/secrets-manager-landing/sm-landing-api.service.ts
POST	/api/secrets/delete	apps/web/src/app/cloudwarden/secrets-manager/sm-api.service.ts
GET	/api/secrets/{id}	apps/web/src/app/cloudwarden/secrets-manager/sm-api.service.ts
PUT	/api/secrets/{id}	apps/web/src/app/cloudwarden/secrets-manager/sm-api.service.ts
GET	/api/sends	libs/common/src/tools/send/services/send-api.service.ts
POST	/api/sends	libs/common/src/tools/send/services/send-api.service.ts
POST	/api/sends/access	libs/common/src/tools/send/services/send-api.service.ts
POST	/api/sends/access/file/{id}	libs/common/src/tools/send/services/send-api.service.ts
POST	/api/sends/file/v2	libs/common/src/tools/send/services/send-api.service.ts
DELETE	/api/sends/{id}	libs/common/src/tools/send/services/send-api.service.ts
GET	/api/sends/{id}	libs/common/src/tools/send/services/send-api.service.ts
PUT	/api/sends/{id}	libs/common/src/tools/send/services/send-api.service.ts
PUT	/api/sends/{id}/remove-password	libs/common/src/tools/send/services/send-api.service.ts
GET	/api/sends/{sendId}/file/{fileId}	libs/common/src/tools/send/services/send-api.service.ts
POST	/api/sends/{sendId}/file/{fileId}	libs/common/src/tools/send/services/send-api.service.ts
POST	/api/service-accounts/delete	apps/web/src/app/cloudwarden/secrets-manager/sm-api.service.ts
GET	/api/service-accounts/{id}	apps/web/src/app/cloudwarden/secrets-manager/sm-api.service.ts
PUT	/api/service-accounts/{id}	apps/web/src/app/cloudwarden/secrets-manager/sm-api.service.ts
GET	/api/service-accounts/{id}/access-policies/people	apps/web/src/app/cloudwarden/secrets-manager/sm-api.service.ts
PUT	/api/service-accounts/{id}/access-policies/people	apps/web/src/app/cloudwarden/secrets-manager/sm-api.service.ts
GET	/api/service-accounts/{saId}/access-tokens	apps/web/src/app/cloudwarden/secrets-manager/sm-api.service.ts
POST	/api/service-accounts/{saId}/access-tokens	apps/web/src/app/cloudwarden/secrets-manager/sm-api.service.ts
POST	/api/service-accounts/{saId}/access-tokens/revoke	apps/web/src/app/cloudwarden/secrets-manager/sm-api.service.ts
GET	/api/service-accounts/{saId}/granted-policies	apps/web/src/app/cloudwarden/secrets-manager/sm-api.service.ts
PUT	/api/service-accounts/{saId}/granted-policies	apps/web/src/app/cloudwarden/secrets-manager/sm-api.service.ts
GET	/api/settings/domains	libs/common/src/services/api.service.ts
PUT	/api/settings/domains	libs/common/src/services/api.service.ts
POST	/api/setup-intent/bank-account	apps/web/src/app/billing/services/stripe.service.ts
POST	/api/setup-intent/card	apps/web/src/app/billing/services/stripe.service.ts
POST	/api/setup-payment	libs/common/src/services/api.service.ts
GET	/api/sync	libs/common/src/services/api.service.ts
GET	/api/projects/{id}/access-policies/people	apps/web/src/app/cloudwarden/secrets-manager/sm-api.service.ts
PUT	/api/projects/{id}/access-policies/people	apps/web/src/app/cloudwarden/secrets-manager/sm-api.service.ts
GET	/api/tasks	libs/common/src/vault/tasks/services/default-task.service.ts
PATCH	/api/tasks/{taskId}/complete	libs/common/src/vault/tasks/services/default-task.service.ts
GET	/api/two-factor	libs/common/src/auth/two-factor/services/default-two-factor-api.service.ts
DELETE	/api/two-factor/authenticator	libs/common/src/auth/two-factor/services/default-two-factor-api.service.ts
PUT	/api/two-factor/authenticator	libs/common/src/auth/two-factor/services/default-two-factor-api.service.ts
DELETE	/api/two-factor/duo	libs/common/src/auth/two-factor/services/default-two-factor-api.service.ts
PUT	/api/two-factor/duo	libs/common/src/auth/two-factor/services/default-two-factor-api.service.ts
DELETE	/api/two-factor/email	libs/common/src/auth/two-factor/services/default-two-factor-api.service.ts
PUT	/api/two-factor/email	libs/common/src/auth/two-factor/services/default-two-factor-api.service.ts
POST	/api/two-factor/get-authenticator	libs/common/src/auth/two-factor/services/default-two-factor-api.service.ts
POST	/api/two-factor/get-duo	libs/common/src/auth/two-factor/services/default-two-factor-api.service.ts
POST	/api/two-factor/get-email	libs/common/src/auth/two-factor/services/default-two-factor-api.service.ts
POST	/api/two-factor/get-recover	libs/common/src/auth/two-factor/services/default-two-factor-api.service.ts
POST	/api/two-factor/get-webauthn	libs/common/src/auth/two-factor/services/default-two-factor-api.service.ts
POST	/api/two-factor/get-webauthn-challenge	libs/common/src/auth/two-factor/services/default-two-factor-api.service.ts
POST	/api/two-factor/get-yubikey	libs/common/src/auth/two-factor/services/default-two-factor-api.service.ts
POST	/api/two-factor/send-email	libs/common/src/auth/two-factor/services/default-two-factor-api.service.ts
POST	/api/two-factor/send-email-login	libs/common/src/auth/two-factor/services/default-two-factor-api.service.ts
DELETE	/api/two-factor/webauthn	libs/common/src/auth/two-factor/services/default-two-factor-api.service.ts
PUT	/api/two-factor/webauthn	libs/common/src/auth/two-factor/services/default-two-factor-api.service.ts
DELETE	/api/two-factor/webauthn/all	libs/common/src/auth/two-factor/services/default-two-factor-api.service.ts
DELETE	/api/two-factor/yubikey	libs/common/src/auth/two-factor/services/default-two-factor-api.service.ts
PUT	/api/two-factor/yubikey	libs/common/src/auth/two-factor/services/default-two-factor-api.service.ts
GET	/api/users/{id}/keys	libs/common/src/key-management/keys/services/default-key-api-service.service.ts
GET	/api/users/{id}/public-key	libs/common/src/services/api.service.ts
GET	/api/webauthn	apps/web/src/app/auth/core/services/webauthn-login/webauthn-login-admin-api.service.ts
POST	/api/webauthn	apps/web/src/app/auth/core/services/webauthn-login/webauthn-login-admin-api.service.ts
PUT	/api/webauthn	apps/web/src/app/auth/core/services/webauthn-login/webauthn-login-admin-api.service.ts
POST	/api/webauthn/assertion-options	apps/web/src/app/auth/core/services/webauthn-login/webauthn-login-admin-api.service.ts
POST	/api/webauthn/attestation-options	apps/web/src/app/auth/core/services/webauthn-login/webauthn-login-admin-api.service.ts
POST	/api/webauthn/{credentialId}/delete	apps/web/src/app/auth/core/services/webauthn-login/webauthn-login-admin-api.service.ts
POST	/events/collect	libs/common/src/services/api.service.ts
GET	/icons/change-password-uri	libs/common/src/vault/services/default-change-login-password.service.ts
GET	/icons/{hostname}/icon.png	libs/common/src/vault/icon/build-cipher-icon.ts
POST	/identity/accounts/prelogin/password	libs/common/src/auth/password-prelogin/password-prelogin-api.service.ts
POST	/identity/accounts/register/finish	libs/common/src/auth/services/account-api.service.ts
POST	/identity/accounts/register/send-verification-email	libs/common/src/auth/services/account-api.service.ts
POST	/identity/accounts/register/verification-email-clicked	libs/common/src/auth/services/account-api.service.ts
GET	/identity/accounts/webauthn/assertion-options	libs/common/src/auth/services/webauthn-login/webauthn-login-api.service.ts
GET	/identity/connect/authorize	libs/auth/src/angular/sso/sso.component.ts
POST	/identity/connect/token	libs/common/src/services/api.service.ts
GET	/identity/sso/prevalidate	libs/common/src/services/api.service.ts
GET	/notifications/anonymous-hub	libs/common/src/auth/services/anonymous-hub.service.ts
GET	/notifications/hub	libs/common/src/platform/server-notifications/internal/signalr-connection.service.ts
POST	/notifications/hub/negotiate	libs/common/src/platform/server-notifications/internal/signalr-connection.service.ts
GET	/api/service-accounts/{id}/access-policies/people	x
PUT	/api/service-accounts/{id}/access-policies/people	x
